idna_subject,checker_type,destination,source,tested_at,session_id
api-adservices.apple.com,AVAILABILITY,origin.list,origin.list,2022-12-24 05:16:51.956827,f900ec106296da2b17802056
books-analytics-events.apple.com,AVAILABILITY,origin.list,origin.list,2022-12-24 05:16:52.048295,f900ec106296da2b17802056
notes-analytics-events.apple.com,AVAILABILITY,origin.list,origin.list,2022-12-24 05:16:52.926373,f900ec106296da2b17802056
metrics.mzstatic.com,AVAILABILITY,origin.list,origin.list,2022-12-24 05:16:53.085622,f900ec106296da2b17802056
metrics.icloud.com,AVAILABILITY,origin.list,origin.list,2022-12-24 05:16:53.795386,f900ec106296da2b17802056
stocks-analytics-events.apple.com,AVAILABILITY,origin.list,origin.list,2022-12-24 05:16:53.860160,f900ec106296da2b17802056
securemetrics.apple.com,AVAILABILITY,origin.list,origin.list,2022-12-24 05:16:54.598398,f900ec106296da2b17802056
weather-analytics-events.apple.com,AVAILABILITY,origin.list,origin.list,2022-12-24 05:16:54.818708,f900ec106296da2b17802056
advertising.apple.com,AVAILABILITY,origin.list,origin.list,2022-12-24 05:16:55.473455,f900ec106296da2b17802056
supportmetrics.apple.com,AVAILABILITY,origin.list,origin.list,2022-12-24 05:16:55.843449,f900ec106296da2b17802056
iadsdk.apple.com,AVAILABILITY,origin.list,origin.list,2022-12-24 05:16:56.501575,f900ec106296da2b17802056
ca.iadsdk.apple.com,AVAILABILITY,origin.list,origin.list,2022-12-24 05:16:56.860289,f900ec106296da2b17802056
cf.iadsdk.apple.com,AVAILABILITY,origin.list,origin.list,2022-12-24 05:16:57.586620,f900ec106296da2b17802056
news.iadsdk.apple.com,AVAILABILITY,origin.list,origin.list,2022-12-24 05:16:58.553874,f900ec106296da2b17802056
su.iadsdk.apple.com,AVAILABILITY,origin.list,origin.list,2022-12-24 05:16:59.281367,f900ec106296da2b17802056
cs.iadsdk.apple.com,AVAILABILITY,origin.list,origin.list,2022-12-24 05:16:59.860606,f900ec106296da2b17802056
ut.iadsdk.apple.com,AVAILABILITY,origin.list,origin.list,2022-12-24 05:17:00.056238,f900ec106296da2b17802056
tr.iadsdk.apple.com,AVAILABILITY,origin.list,origin.list,2022-12-24 05:17:00.110267,f900ec106296da2b17802056
display-apps-ui-soak.iad.apple.com,AVAILABILITY,origin.list,origin.list,2022-12-24 05:17:01.154876,f900ec106296da2b17802056
cmws.iad.apple.com,AVAILABILITY,origin.list,origin.list,2022-12-24 05:17:01.677500,f900ec106296da2b17802056
display-apps-ui.iad.apple.com,AVAILABILITY,origin.list,origin.list,2022-12-24 05:17:02.052377,f900ec106296da2b17802056
iad.apple.com,AVAILABILITY,origin.list,origin.list,2022-12-24 05:17:03.042558,f900ec106296da2b17802056
iadworkbench-soak.iad.apple.com,AVAILABILITY,origin.list,origin.list,2022-12-24 05:17:04.080597,f900ec106296da2b17802056
stg-cmws.iad.apple.com,AVAILABILITY,origin.list,origin.list,2022-12-24 05:17:04.713230,f900ec106296da2b17802056
doubleclick.net,AVAILABILITY,origin.list,origin.list,2022-12-24 05:17:06.923815,f900ec106296da2b17802056
accounts.doubleclick.net,AVAILABILITY,origin.list,origin.list,2022-12-24 05:17:08.314016,f900ec106296da2b17802056
apps.iad.apple.com,AVAILABILITY,origin.list,origin.list,2022-12-24 05:17:10.256264,f900ec106296da2b17802056
blueprints.iad.apple.com,AVAILABILITY,origin.list,origin.list,2022-12-24 05:17:10.280065,f900ec106296da2b17802056
ccportal.iad.apple.com,AVAILABILITY,origin.list,origin.list,2022-12-24 05:17:10.792156,f900ec106296da2b17802056
ad.au.doubleclick.net,AVAILABILITY,origin.list,origin.list,2022-12-24 05:17:11.438808,f900ec106296da2b17802056
ad.bg.doubleclick.net,AVAILABILITY,origin.list,origin.list,2022-12-24 05:17:13.023642,f900ec106296da2b17802056
iadfeed.iad.apple.com,AVAILABILITY,origin.list,origin.list,2022-12-24 05:17:13.064099,f900ec106296da2b17802056
ad.br.doubleclick.net,AVAILABILITY,origin.list,origin.list,2022-12-24 05:17:13.108332,f900ec106296da2b17802056
ad.cl.doubleclick.net,AVAILABILITY,origin.list,origin.list,2022-12-24 05:17:13.789476,f900ec106296da2b17802056
ad.cn.doubleclick.net,AVAILABILITY,origin.list,origin.list,2022-12-24 05:17:13.988049,f900ec106296da2b17802056
ad.eg.doubleclick.net,AVAILABILITY,origin.list,origin.list,2022-12-24 05:17:15.937228,f900ec106296da2b17802056
ad.es.doubleclick.net,AVAILABILITY,origin.list,origin.list,2022-12-24 05:17:16.019820,f900ec106296da2b17802056
ad.doubleclick.net,AVAILABILITY,origin.list,origin.list,2022-12-24 05:17:16.265784,f900ec106296da2b17802056
ad.fr.doubleclick.net,AVAILABILITY,origin.list,origin.list,2022-12-24 05:17:16.773953,f900ec106296da2b17802056
ad.il.doubleclick.net,AVAILABILITY,origin.list,origin.list,2022-12-24 05:17:16.837846,f900ec106296da2b17802056
ad.mo.doubleclick.net,AVAILABILITY,origin.list,origin.list,2022-12-24 05:17:18.463872,f900ec106296da2b17802056
ad.nl.doubleclick.net,AVAILABILITY,origin.list,origin.list,2022-12-24 05:17:18.865271,f900ec106296da2b17802056
ad.pl.doubleclick.net,AVAILABILITY,origin.list,origin.list,2022-12-24 05:17:19.215795,f900ec106296da2b17802056
ad.sg.doubleclick.net,AVAILABILITY,origin.list,origin.list,2022-12-24 05:17:19.608394,f900ec106296da2b17802056
ad-apac.doubleclick.net,AVAILABILITY,origin.list,origin.list,2022-12-24 05:17:19.698320,f900ec106296da2b17802056
ad.uk.doubleclick.net,AVAILABILITY,origin.list,origin.list,2022-12-24 05:17:19.773346,f900ec106296da2b17802056
ad-g.doubleclick.net,AVAILABILITY,origin.list,origin.list,2022-12-24 05:17:20.395476,f900ec106296da2b17802056
ads-bid.l.doubleclick.net,AVAILABILITY,origin.list,origin.list,2022-12-24 05:17:20.434167,f900ec106296da2b17802056
ad-emea.doubleclick.net,AVAILABILITY,origin.list,origin.list,2022-12-24 05:17:20.505294,f900ec106296da2b17802056
adclick.g.doubleclick.net,AVAILABILITY,origin.list,origin.list,2022-12-24 05:17:20.710189,f900ec106296da2b17802056
ad2.doubleclick.net,AVAILABILITY,origin.list,origin.list,2022-12-24 05:17:21.823213,f900ec106296da2b17802056
adx.g.doubleclick.net,AVAILABILITY,origin.list,origin.list,2022-12-24 05:17:21.825667,f900ec106296da2b17802056
dart-apac.l.doubleclick.net,AVAILABILITY,origin.list,origin.list,2022-12-24 05:17:22.523366,f900ec106296da2b17802056
bid.g.doubleclick.net,AVAILABILITY,origin.list,origin.list,2022-12-24 05:17:23.008644,f900ec106296da2b17802056
dart.l.doubleclick.net,AVAILABILITY,origin.list,origin.list,2022-12-24 05:17:23.033626,f900ec106296da2b17802056
cm.g.doubleclick.net,AVAILABILITY,origin.list,origin.list,2022-12-24 05:17:23.152265,f900ec106296da2b17802056
apac.doubleclick.net,AVAILABILITY,origin.list,origin.list,2022-12-24 05:17:23.766103,f900ec106296da2b17802056
dmp.doubleclick.net,AVAILABILITY,origin.list,origin.list,2022-12-24 05:17:24.514386,f900ec106296da2b17802056
dp.g.doubleclick.net,AVAILABILITY,origin.list,origin.list,2022-12-24 05:17:25.474485,f900ec106296da2b17802056
feedads.g.doubleclick.net,AVAILABILITY,origin.list,origin.list,2022-12-24 05:17:25.935345,f900ec106296da2b17802056
emea.doubleclick.net,AVAILABILITY,origin.list,origin.list,2022-12-24 05:17:26.282688,f900ec106296da2b17802056
dfp.doubleclick.net,AVAILABILITY,origin.list,origin.list,2022-12-24 05:17:26.455844,f900ec106296da2b17802056
g.doubleclick.net,AVAILABILITY,origin.list,origin.list,2022-12-24 05:17:26.815130,f900ec106296da2b17802056
dsengine.doubleclick.net,AVAILABILITY,origin.list,origin.list,2022-12-24 05:17:27.073180,f900ec106296da2b17802056
fls.uk.doubleclick.net,AVAILABILITY,origin.list,origin.list,2022-12-24 05:17:27.244030,f900ec106296da2b17802056
googleads.g.doubleclick.net,AVAILABILITY,origin.list,origin.list,2022-12-24 05:17:28.754063,f900ec106296da2b17802056
gan.doubleclick.net,AVAILABILITY,origin.list,origin.list,2022-12-24 05:17:28.768888,f900ec106296da2b17802056
googleads2.g.doubleclick.net,AVAILABILITY,origin.list,origin.list,2022-12-24 05:17:29.378114,f900ec106296da2b17802056
l.doubleclick.net,AVAILABILITY,origin.list,origin.list,2022-12-24 05:17:29.562691,f900ec106296da2b17802056
ir.doubleclick.net,AVAILABILITY,origin.list,origin.list,2022-12-24 05:17:29.711582,f900ec106296da2b17802056
googleads4.g.doubleclick.net,AVAILABILITY,origin.list,origin.list,2022-12-24 05:17:30.241234,f900ec106296da2b17802056
mobile-displayads.l.doubleclick.net,AVAILABILITY,origin.list,origin.list,2022-12-24 05:17:30.384729,f900ec106296da2b17802056
iv.doubleclick.net,AVAILABILITY,origin.list,origin.list,2022-12-24 05:17:32.563478,f900ec106296da2b17802056
m.doubleclick.net,AVAILABILITY,origin.list,origin.list,2022-12-24 05:17:32.767833,f900ec106296da2b17802056
n4052ad.doubleclick.net,AVAILABILITY,origin.list,origin.list,2022-12-24 05:17:33.657049,f900ec106296da2b17802056
n4403ad.doubleclick.net,AVAILABILITY,origin.list,origin.list,2022-12-24 05:17:33.683340,f900ec106296da2b17802056
mediavisor.doubleclick.net,AVAILABILITY,origin.list,origin.list,2022-12-24 05:17:33.775469,f900ec106296da2b17802056
pagead.l.doubleclick.net,AVAILABILITY,origin.list,origin.list,2022-12-24 05:17:33.849685,f900ec106296da2b17802056
pagead46.l.doubleclick.net,AVAILABILITY,origin.list,origin.list,2022-12-24 05:17:34.159751,f900ec106296da2b17802056
partnerad.l.doubleclick.net,AVAILABILITY,origin.list,origin.list,2022-12-24 05:17:35.022040,f900ec106296da2b17802056
pubads.g.doubleclick.net,AVAILABILITY,origin.list,origin.list,2022-12-24 05:17:36.601865,f900ec106296da2b17802056
publisherportal.doubleclick.net,AVAILABILITY,origin.list,origin.list,2022-12-24 05:17:37.016841,f900ec106296da2b17802056
paypalssl.doubleclick.net,AVAILABILITY,origin.list,origin.list,2022-12-24 05:17:37.629644,f900ec106296da2b17802056
reportcentral.doubleclick.net,AVAILABILITY,origin.list,origin.list,2022-12-24 05:17:37.665413,f900ec106296da2b17802056
s0.doubleclick.net,AVAILABILITY,origin.list,origin.list,2022-12-24 05:17:38.313473,f900ec106296da2b17802056
secureframe.doubleclick.net,AVAILABILITY,origin.list,origin.list,2022-12-24 05:17:38.389774,f900ec106296da2b17802056
securepubads.g.doubleclick.net,AVAILABILITY,origin.list,origin.list,2022-12-24 05:17:39.373150,f900ec106296da2b17802056
stats.l.doubleclick.net,AVAILABILITY,origin.list,origin.list,2022-12-24 05:17:39.790991,f900ec106296da2b17802056
s1.doubleclick.net,AVAILABILITY,origin.list,origin.list,2022-12-24 05:17:39.841827,f900ec106296da2b17802056
static.doubleclick.net,AVAILABILITY,origin.list,origin.list,2022-12-24 05:17:40.877415,f900ec106296da2b17802056
stats.g.doubleclick.net,AVAILABILITY,origin.list,origin.list,2022-12-24 05:17:41.589270,f900ec106296da2b17802056
fls.doubleclick.net,AVAILABILITY,origin.list,origin.list,2022-12-24 05:17:42.209158,f900ec106296da2b17802056
www.doubleclick.net,AVAILABILITY,origin.list,origin.list,2022-12-24 05:17:42.241967,f900ec106296da2b17802056
www3.doubleclick.net,AVAILABILITY,origin.list,origin.list,2022-12-24 05:17:42.249385,f900ec106296da2b17802056
survey.g.doubleclick.net,AVAILABILITY,origin.list,origin.list,2022-12-24 05:17:43.206157,f900ec106296da2b17802056
undefined.fls.doubleclick.net,AVAILABILITY,origin.list,origin.list,2022-12-24 05:17:43.401085,f900ec106296da2b17802056
adservice.google.com,AVAILABILITY,origin.list,origin.list,2022-12-24 05:17:43.490506,f900ec106296da2b17802056
adservice.google.co.jp,AVAILABILITY,origin.list,origin.list,2022-12-24 05:17:43.804280,f900ec106296da2b17802056
adservice.google.com.hk,AVAILABILITY,origin.list,origin.list,2022-12-24 05:17:44.079272,f900ec106296da2b17802056
adservice.google.com.sg,AVAILABILITY,origin.list,origin.list,2022-12-24 05:17:44.876133,f900ec106296da2b17802056
adservice.google.com.tr,AVAILABILITY,origin.list,origin.list,2022-12-24 05:17:45.037076,f900ec106296da2b17802056
adservice.google.com.vn,AVAILABILITY,origin.list,origin.list,2022-12-24 05:18:04.626438,f900ec106296da2b17802056
adservice.google.de,AVAILABILITY,origin.list,origin.list,2022-12-24 05:18:04.691948,f900ec106296da2b17802056
googlesyndication.com,AVAILABILITY,origin.list,origin.list,2022-12-24 05:18:20.209730,f900ec106296da2b17802056
ade.googlesyndication.com,AVAILABILITY,origin.list,origin.list,2022-12-24 05:18:50.214990,f900ec106296da2b17802056
afs.googlesyndication.com,AVAILABILITY,origin.list,origin.list,2022-12-24 05:18:55.343525,f900ec106296da2b17802056
buttons.googlesyndication.com,AVAILABILITY,origin.list,origin.list,2022-12-24 05:19:14.937703,f900ec106296da2b17802056
pagead2.googlesyndication.com,AVAILABILITY,origin.list,origin.list,2022-12-24 05:19:14.996033,f900ec106296da2b17802056
video-ad-stats.googlesyndication.com,AVAILABILITY,origin.list,origin.list,2022-12-24 05:19:25.363782,f900ec106296da2b17802056
pagead46.googlesyndication.com,AVAILABILITY,origin.list,origin.list,2022-12-24 05:19:30.508178,f900ec106296da2b17802056
googletagmanager.com,AVAILABILITY,origin.list,origin.list,2022-12-24 05:19:35.233458,f900ec106296da2b17802056
googletagservices.com,AVAILABILITY,origin.list,origin.list,2022-12-24 05:19:45.902588,f900ec106296da2b17802056
tpc.googlesyndication.com,AVAILABILITY,origin.list,origin.list,2022-12-24 05:20:00.519448,f900ec106296da2b17802056
tpcnc.googlesyndication.com,AVAILABILITY,origin.list,origin.list,2022-12-24 05:20:05.679426,f900ec106296da2b17802056
www.googletagmanager.com,AVAILABILITY,origin.list,origin.list,2022-12-24 05:20:35.674005,f900ec106296da2b17802056
2.afs.googleadservices.com,AVAILABILITY,origin.list,origin.list,2022-12-24 05:20:36.273656,f900ec106296da2b17802056
www.googletagservices.com,AVAILABILITY,origin.list,origin.list,2022-12-24 05:20:45.572410,f900ec106296da2b17802056
10.afs.googleadservices.com,AVAILABILITY,origin.list,origin.list,2022-12-24 05:20:46.525969,f900ec106296da2b17802056
googleadservices.com,AVAILABILITY,origin.list,origin.list,2022-12-24 05:20:51.642150,f900ec106296da2b17802056
18.afs.googleadservices.com,AVAILABILITY,origin.list,origin.list,2022-12-24 05:21:10.824087,f900ec106296da2b17802056
partner.googleadservices.com,AVAILABILITY,origin.list,origin.list,2022-12-24 05:21:11.691263,f900ec106296da2b17802056
partnerssl.googleadservices.com,AVAILABILITY,origin.list,origin.list,2022-12-24 05:21:11.711328,f900ec106296da2b17802056
4.afs.googleadservices.com,AVAILABILITY,origin.list,origin.list,2022-12-24 05:21:11.955549,f900ec106296da2b17802056
www.googleadservices.com,AVAILABILITY,origin.list,origin.list,2022-12-24 05:21:12.193824,f900ec106296da2b17802056
google-analytics.com,AVAILABILITY,origin.list,origin.list,2022-12-24 05:21:12.409215,f900ec106296da2b17802056
click.google-analytics.com,AVAILABILITY,origin.list,origin.list,2022-12-24 05:21:12.699115,f900ec106296da2b17802056
region1.analytics.google.com,AVAILABILITY,origin.list,origin.list,2022-12-24 05:21:12.950353,f900ec106296da2b17802056
region1.google-analytics.com,AVAILABILITY,origin.list,origin.list,2022-12-24 05:21:13.152317,f900ec106296da2b17802056
sandbox.google-analytics.com,AVAILABILITY,origin.list,origin.list,2022-12-24 05:21:13.368026,f900ec106296da2b17802056
analytics.google.com,AVAILABILITY,origin.list,origin.list,2022-12-24 05:21:13.413078,f900ec106296da2b17802056
ssl.google-analytics.com,AVAILABILITY,origin.list,origin.list,2022-12-24 05:21:13.621554,f900ec106296da2b17802056
www.google-analytics.com,AVAILABILITY,origin.list,origin.list,2022-12-24 05:21:13.737755,f900ec106296da2b17802056
pagead2.googleadservices.com,AVAILABILITY,origin.list,origin.list,2022-12-24 05:21:13.927769,f900ec106296da2b17802056
alt4.googleanalytics.com,AVAILABILITY,origin.list,origin.list,2022-12-24 05:21:14.441455,f900ec106296da2b17802056
alt2.googleanalytics.com,AVAILABILITY,origin.list,origin.list,2022-12-24 05:21:14.532591,f900ec106296da2b17802056
click.googleanalytics.com,AVAILABILITY,origin.list,origin.list,2022-12-24 05:21:15.051650,f900ec106296da2b17802056
sandbox.googleanalytics.com,AVAILABILITY,origin.list,origin.list,2022-12-24 05:21:15.311974,f900ec106296da2b17802056
www.googleanalytics.com,AVAILABILITY,origin.list,origin.list,2022-12-24 05:21:15.835307,f900ec106296da2b17802056
ssl.googleanalytics.com,AVAILABILITY,origin.list,origin.list,2022-12-24 05:21:15.836387,f900ec106296da2b17802056
googleoptimize.com,AVAILABILITY,origin.list,origin.list,2022-12-24 05:21:16.335401,f900ec106296da2b17802056
googleanalytics.com,AVAILABILITY,origin.list,origin.list,2022-12-24 05:21:16.646084,f900ec106296da2b17802056
androidtvchannels-pa.googleapis.com,AVAILABILITY,origin.list,origin.list,2022-12-24 05:21:16.686862,f900ec106296da2b17802056
www.googleoptimize.com,AVAILABILITY,origin.list,origin.list,2022-12-24 05:21:17.119948,f900ec106296da2b17802056
androidtvwatsonfe-pa.googleapis.com,AVAILABILITY,origin.list,origin.list,2022-12-24 05:21:17.241924,f900ec106296da2b17802056
clientmetrics-pa.googleapis.com,AVAILABILITY,origin.list,origin.list,2022-12-24 05:21:17.472456,f900ec106296da2b17802056
crashlyticsreports-pa.googleapis.com,AVAILABILITY,origin.list,origin.list,2022-12-24 05:21:17.904484,f900ec106296da2b17802056
pagead-googlehosted.l.google.com,AVAILABILITY,origin.list,origin.list,2022-12-24 05:21:18.056759,f900ec106296da2b17802056
pagead-tpc.l.google.com,AVAILABILITY,origin.list,origin.list,2022-12-24 05:21:18.504572,f900ec106296da2b17802056
firebaselogging.googleapis.com,AVAILABILITY,origin.list,origin.list,2022-12-24 05:21:18.853139,f900ec106296da2b17802056
clouderrorreporting.googleapis.com,AVAILABILITY,origin.list,origin.list,2022-12-24 05:21:19.101786,f900ec106296da2b17802056
pagead.l.google.com,AVAILABILITY,origin.list,origin.list,2022-12-24 05:21:19.428078,f900ec106296da2b17802056
ssl-google-analytics.l.google.com,AVAILABILITY,origin.list,origin.list,2022-12-24 05:21:19.529894,f900ec106296da2b17802056
static-doubleclick-net.l.google.com,AVAILABILITY,origin.list,origin.list,2022-12-24 05:21:19.691707,f900ec106296da2b17802056
partnerad.l.google.com,AVAILABILITY,origin.list,origin.list,2022-12-24 05:21:19.788784,f900ec106296da2b17802056
www-googletagmanager.l.google.com,AVAILABILITY,origin.list,origin.list,2022-12-24 05:21:20.131866,f900ec106296da2b17802056
www-google-analytics.l.google.com,AVAILABILITY,origin.list,origin.list,2022-12-24 05:21:20.138068,f900ec106296da2b17802056
mail-ads.google.com,AVAILABILITY,origin.list,origin.list,2022-12-24 05:21:20.999021,f900ec106296da2b17802056
ads.gmodules.com,AVAILABILITY,origin.list,origin.list,2022-12-24 05:21:21.097560,f900ec106296da2b17802056
app-measurement.com,AVAILABILITY,origin.list,origin.list,2022-12-24 05:21:21.211965,f900ec106296da2b17802056
region1.app-measurement.com,AVAILABILITY,origin.list,origin.list,2022-12-24 05:21:21.756750,f900ec106296da2b17802056
optimize.google.com,AVAILABILITY,origin.list,origin.list,2022-12-24 05:21:21.780306,f900ec106296da2b17802056
ads.google.com,AVAILABILITY,origin.list,origin.list,2022-12-24 05:21:22.694802,f900ec106296da2b17802056
target.microsoft.com,AVAILABILITY,origin.list,origin.list,2022-12-24 05:21:23.338552,f900ec106296da2b17802056
ads.youtube.com,AVAILABILITY,origin.list,origin.list,2022-12-24 05:21:29.185611,f900ec106296da2b17802056
reports.wes.df.telemetry.microsoft.com,AVAILABILITY,origin.list,origin.list,2022-12-24 05:21:32.830982,f900ec106296da2b17802056
oca.telemetry.microsoft.com,AVAILABILITY,origin.list,origin.list,2022-12-24 05:21:34.577735,f900ec106296da2b17802056
telecommand.telemetry.microsoft.com,AVAILABILITY,origin.list,origin.list,2022-12-24 05:21:37.347647,f900ec106296da2b17802056
responses.df.telemetry.microsoft.com,AVAILABILITY,origin.list,origin.list,2022-12-24 05:21:38.884017,f900ec106296da2b17802056
services.wes.df.telemetry.microsoft.com,AVAILABILITY,origin.list,origin.list,2022-12-24 05:21:38.922781,f900ec106296da2b17802056
sqm.df.telemetry.microsoft.com,AVAILABILITY,origin.list,origin.list,2022-12-24 05:21:40.379182,f900ec106296da2b17802056
ads.bingads.microsoft.com,AVAILABILITY,origin.list,origin.list,2022-12-24 05:21:44.242196,f900ec106296da2b17802056
sqm.telemetry.microsoft.com,AVAILABILITY,origin.list,origin.list,2022-12-24 05:21:44.759994,f900ec106296da2b17802056
advertise.bingads.microsoft.com,AVAILABILITY,origin.list,origin.list,2022-12-24 05:21:45.059528,f900ec106296da2b17802056
m.bingads.microsoft.com,AVAILABILITY,origin.list,origin.list,2022-12-24 05:21:46.919131,f900ec106296da2b17802056
watson.telemetry.microsoft.com,AVAILABILITY,origin.list,origin.list,2022-12-24 05:21:48.885509,f900ec106296da2b17802056
wes.df.telemetry.microsoft.com,AVAILABILITY,origin.list,origin.list,2022-12-24 05:21:49.868166,f900ec106296da2b17802056
fp.advertising.microsoft.com,AVAILABILITY,origin.list,origin.list,2022-12-24 05:21:50.761263,f900ec106296da2b17802056
advertising.microsoft.com,AVAILABILITY,origin.list,origin.list,2022-12-24 05:21:51.513819,f900ec106296da2b17802056
config.fp.measure.office.com,AVAILABILITY,origin.list,origin.list,2022-12-24 05:21:53.404177,f900ec106296da2b17802056
rad.live.com,AVAILABILITY,origin.list,origin.list,2022-12-24 05:21:53.503876,f900ec106296da2b17802056
fp.measure.office.com,AVAILABILITY,origin.list,origin.list,2022-12-24 05:21:54.156129,f900ec106296da2b17802056
upload.fp.measure.office.com,AVAILABILITY,origin.list,origin.list,2022-12-24 05:21:54.996990,f900ec106296da2b17802056
api.bingads.microsoft.com,AVAILABILITY,origin.list,origin.list,2022-12-24 05:21:56.029501,f900ec106296da2b17802056
upload2.fp.measure.office.com,AVAILABILITY,origin.list,origin.list,2022-12-24 05:21:56.765779,f900ec106296da2b17802056
wan.measure.office.com,AVAILABILITY,origin.list,origin.list,2022-12-24 05:21:56.937322,f900ec106296da2b17802056
insitez.blob.core.windows.net,AVAILABILITY,origin.list,origin.list,2022-12-24 05:21:57.729694,f900ec106296da2b17802056
tenmaxsgads.blob.core.windows.net,AVAILABILITY,origin.list,origin.list,2022-12-24 05:21:58.467496,f900ec106296da2b17802056
adecn-w.atdmt.com,AVAILABILITY,origin.list,origin.list,2022-12-24 05:21:58.922549,f900ec106296da2b17802056
ad.atdmt.com,AVAILABILITY,origin.list,origin.list,2022-12-24 05:21:59.807948,f900ec106296da2b17802056
analytics.live.com,AVAILABILITY,origin.list,origin.list,2022-12-24 05:22:01.426090,f900ec106296da2b17802056
analytics.atdmt.com,AVAILABILITY,origin.list,origin.list,2022-12-24 05:22:10.462495,f900ec106296da2b17802056
aidps.atdmt.com,AVAILABILITY,origin.list,origin.list,2022-12-24 05:22:10.521226,f900ec106296da2b17802056
api.atdmt.com,AVAILABILITY,origin.list,origin.list,2022-12-24 05:22:11.648974,f900ec106296da2b17802056
atdmt.com,AVAILABILITY,origin.list,origin.list,2022-12-24 05:22:12.068032,f900ec106296da2b17802056
cdn.atdmt.com,AVAILABILITY,origin.list,origin.list,2022-12-24 05:22:13.074868,f900ec106296da2b17802056
click.atdmt.com,AVAILABILITY,origin.list,origin.list,2022-12-24 05:22:15.300342,f900ec106296da2b17802056
clk.atdmt.com,AVAILABILITY,origin.list,origin.list,2022-12-24 05:22:15.850645,f900ec106296da2b17802056
cs.atdmt.com,AVAILABILITY,origin.list,origin.list,2022-12-24 05:22:18.003470,f900ec106296da2b17802056
cx.atdmt.com,AVAILABILITY,origin.list,origin.list,2022-12-24 05:22:18.625846,f900ec106296da2b17802056
ec.atdmt.com,AVAILABILITY,origin.list,origin.list,2022-12-24 05:22:20.477343,f900ec106296da2b17802056
c.atdmt.com,AVAILABILITY,origin.list,origin.list,2022-12-24 05:22:22.179809,f900ec106296da2b17802056
c1.atdmt.com,AVAILABILITY,origin.list,origin.list,2022-12-24 05:22:22.215039,f900ec106296da2b17802056
db3aqu.atdmt.com,AVAILABILITY,origin.list,origin.list,2022-12-24 05:22:28.953237,f900ec106296da2b17802056
g.atdmt.com,AVAILABILITY,origin.list,origin.list,2022-12-24 05:22:41.785839,f900ec106296da2b17802056
bingads.microsoft.com,AVAILABILITY,origin.list,origin.list,2022-12-24 05:22:48.993926,f900ec106296da2b17802056
h.atdmt.com,AVAILABILITY,origin.list,origin.list,2022-12-24 05:23:32.581589,f900ec106296da2b17802056
iact.atdmt.com,AVAILABILITY,origin.list,origin.list,2022-12-24 05:23:32.649553,f900ec106296da2b17802056
image.atdmt.com,AVAILABILITY,origin.list,origin.list,2022-12-24 05:23:39.328093,f900ec106296da2b17802056
img.atdmt.com,AVAILABILITY,origin.list,origin.list,2022-12-24 05:23:44.418522,f900ec106296da2b17802056
jact.atdmt.com,AVAILABILITY,origin.list,origin.list,2022-12-24 05:23:54.571997,f900ec106296da2b17802056
sact.atdmt.com,AVAILABILITY,origin.list,origin.list,2022-12-24 05:24:22.937549,f900ec106296da2b17802056
switch.atdmt.com,AVAILABILITY,origin.list,origin.list,2022-12-24 05:24:29.718609,f900ec106296da2b17802056
srch.atdmt.com,AVAILABILITY,origin.list,origin.list,2022-12-24 05:24:40.077467,f900ec106296da2b17802056
tip.atdmt.com,AVAILABILITY,origin.list,origin.list,2022-12-24 05:24:54.796053,f900ec106296da2b17802056
view.atdmt.com,AVAILABILITY,origin.list,origin.list,2022-12-24 05:25:04.934464,f900ec106296da2b17802056
www.atdmt.com,AVAILABILITY,origin.list,origin.list,2022-12-24 05:25:30.096036,f900ec106296da2b17802056
ads.msn.com,AVAILABILITY,origin.list,origin.list,2022-12-24 05:25:30.239453,f900ec106296da2b17802056
adevents.msn.com,AVAILABILITY,origin.list,origin.list,2022-12-24 05:25:31.601292,f900ec106296da2b17802056
analytics.msnbc.msn.com,AVAILABILITY,origin.list,origin.list,2022-12-24 05:25:32.000712,f900ec106296da2b17802056
rmads.msn.com,AVAILABILITY,origin.list,origin.list,2022-12-24 05:25:33.695263,f900ec106296da2b17802056
rads.msn.com,AVAILABILITY,origin.list,origin.list,2022-12-24 05:25:34.869937,f900ec106296da2b17802056
sam.msn.com,AVAILABILITY,origin.list,origin.list,2022-12-24 05:25:35.355128,f900ec106296da2b17802056
srtb.msn.com,AVAILABILITY,origin.list,origin.list,2022-12-24 05:25:36.508590,f900ec106296da2b17802056
udc.msn.com,AVAILABILITY,origin.list,origin.list,2022-12-24 05:25:37.056702,f900ec106296da2b17802056
a.ads1.msn.com,AVAILABILITY,origin.list,origin.list,2022-12-24 05:25:38.481916,f900ec106296da2b17802056
ads1.msn.com,AVAILABILITY,origin.list,origin.list,2022-12-24 05:25:38.508729,f900ec106296da2b17802056
b.ads1.msn.com,AVAILABILITY,origin.list,origin.list,2022-12-24 05:25:39.915822,f900ec106296da2b17802056
analytics.msn.com,AVAILABILITY,origin.list,origin.list,2022-12-24 05:25:41.066447,f900ec106296da2b17802056
popup.msn.com,AVAILABILITY,origin.list,origin.list,2022-12-24 05:25:41.325724,f900ec106296da2b17802056
browser.events.data.msn.com,AVAILABILITY,origin.list,origin.list,2022-12-24 05:25:42.244890,f900ec106296da2b17802056
images-ppe.adsyndication.msn.com,AVAILABILITY,origin.list,origin.list,2022-12-24 05:25:43.070979,f900ec106296da2b17802056
images.adsyndication.msn.com,AVAILABILITY,origin.list,origin.list,2022-12-24 05:25:44.955185,f900ec106296da2b17802056
a.ads2.msn.com,AVAILABILITY,origin.list,origin.list,2022-12-24 05:25:50.577388,f900ec106296da2b17802056
ads2.msn.com,AVAILABILITY,origin.list,origin.list,2022-12-24 05:25:51.292157,f900ec106296da2b17802056
b.ads2.msn.com,AVAILABILITY,origin.list,origin.list,2022-12-24 05:25:52.679181,f900ec106296da2b17802056
adsyndication.msn.com,AVAILABILITY,origin.list,origin.list,2022-12-24 05:25:52.970611,f900ec106296da2b17802056
bat.r.msn.com,AVAILABILITY,origin.list,origin.list,2022-12-24 05:25:56.320053,f900ec106296da2b17802056
blu.mobileads.msn.com,AVAILABILITY,origin.list,origin.list,2022-12-24 05:25:56.555952,f900ec106296da2b17802056
ads.bing.com,AVAILABILITY,origin.list,origin.list,2022-12-24 05:26:01.613757,f900ec106296da2b17802056
col.mobileads.msn.com,AVAILABILITY,origin.list,origin.list,2022-12-24 05:26:02.355267,f900ec106296da2b17802056
dub.mobileads.msn.com,AVAILABILITY,origin.list,origin.list,2022-12-24 05:26:03.183944,f900ec106296da2b17802056
analytics.r.msn.com,AVAILABILITY,origin.list,origin.list,2022-12-24 05:26:04.172148,f900ec106296da2b17802056
c.bing.com,AVAILABILITY,origin.list,origin.list,2022-12-24 05:26:04.717729,f900ec106296da2b17802056
adserver.bing.com,AVAILABILITY,origin.list,origin.list,2022-12-24 05:26:04.916975,f900ec106296da2b17802056
aan.amazon.com,AVAILABILITY,origin.list,origin.list,2022-12-24 05:26:05.256912,f900ec106296da2b17802056
bat.bing.com,AVAILABILITY,origin.list,origin.list,2022-12-24 05:26:05.326085,f900ec106296da2b17802056
rcm-images.amazon.com,AVAILABILITY,origin.list,origin.list,2022-12-24 05:26:05.834273,f900ec106296da2b17802056
aax-us-east-retail-direct.amazon.com,AVAILABILITY,origin.list,origin.list,2022-12-24 05:26:05.842997,f900ec106296da2b17802056
fls-na.amazon.com,AVAILABILITY,origin.list,origin.list,2022-12-24 05:26:06.146991,f900ec106296da2b17802056
device-metrics-us-2.amazon.com,AVAILABILITY,origin.list,origin.list,2022-12-24 05:26:06.184866,f900ec106296da2b17802056
device-metrics-us.amazon.com,AVAILABILITY,origin.list,origin.list,2022-12-24 05:26:06.492927,f900ec106296da2b17802056
ws-fe.assoc-amazon.com,AVAILABILITY,origin.list,origin.list,2022-12-24 05:26:06.834563,f900ec106296da2b17802056
rcm.amazon.com,AVAILABILITY,origin.list,origin.list,2022-12-24 05:26:07.101919,f900ec106296da2b17802056
ws-na.assoc-amazon.com,AVAILABILITY,origin.list,origin.list,2022-12-24 05:26:07.256242,f900ec106296da2b17802056
ws.assoc-amazon.com,AVAILABILITY,origin.list,origin.list,2022-12-24 05:26:07.360155,f900ec106296da2b17802056
assoc-amazon.com,AVAILABILITY,origin.list,origin.list,2022-12-24 05:26:07.575090,f900ec106296da2b17802056
www.assoc-amazon.com,AVAILABILITY,origin.list,origin.list,2022-12-24 05:26:07.645068,f900ec106296da2b17802056
r.msn.com,AVAILABILITY,origin.list,origin.list,2022-12-24 05:26:07.645284,f900ec106296da2b17802056
wms.assoc-amazon.com,AVAILABILITY,origin.list,origin.list,2022-12-24 05:26:08.208369,f900ec106296da2b17802056
aax-us.amazon-adsystem.amazon.com,AVAILABILITY,origin.list,origin.list,2022-12-24 05:26:08.700594,f900ec106296da2b17802056
aax-cpm.amazon-adsystem.amazon.com,AVAILABILITY,origin.list,origin.list,2022-12-24 05:26:08.744845,f900ec106296da2b17802056
aax-us-cpm.amazon-adsystem.amazon.com,AVAILABILITY,origin.list,origin.list,2022-12-24 05:26:08.744894,f900ec106296da2b17802056
amazon-adsystem.amazon.com,AVAILABILITY,origin.list,origin.list,2022-12-24 05:26:09.044036,f900ec106296da2b17802056
aax-eu-retail-direct.amazon-adsystem.com,AVAILABILITY,origin.list,origin.list,2022-12-24 05:26:09.172644,f900ec106296da2b17802056
aax.amazon-adsystem.amazon.com,AVAILABILITY,origin.list,origin.list,2022-12-24 05:26:09.287179,f900ec106296da2b17802056
aax-eu-rtb-adx.amazon-adsystem.com,AVAILABILITY,origin.list,origin.list,2022-12-24 05:26:09.468321,f900ec106296da2b17802056
aax-eu-rtb.amazon-adsystem.com,AVAILABILITY,origin.list,origin.list,2022-12-24 05:26:09.514586,f900ec106296da2b17802056
aax-eu.amazon-adsystem.com,AVAILABILITY,origin.list,origin.list,2022-12-24 05:26:09.628790,f900ec106296da2b17802056
uedata.amazon.com,AVAILABILITY,origin.list,origin.list,2022-12-24 05:26:09.644033,f900ec106296da2b17802056
aax-cpm.amazon-adsystem.com,AVAILABILITY,origin.list,origin.list,2022-12-24 05:26:09.655098,f900ec106296da2b17802056
aax-fe-sin.amazon-adsystem.com,AVAILABILITY,origin.list,origin.list,2022-12-24 05:26:09.971614,f900ec106296da2b17802056
aax-fe.amazon-adsystem.com,AVAILABILITY,origin.list,origin.list,2022-12-24 05:26:09.985776,f900ec106296da2b17802056
aax-opf-us-east.amazon-adsystem.com,AVAILABILITY,origin.list,origin.list,2022-12-24 05:26:09.997156,f900ec106296da2b17802056
aax-fe-sin-rtb-adx.amazon-adsystem.com,AVAILABILITY,origin.list,origin.list,2022-12-24 05:26:10.000703,f900ec106296da2b17802056
aax-us-east.amazon-adsystem.com,AVAILABILITY,origin.list,origin.list,2022-12-24 05:26:10.341786,f900ec106296da2b17802056
aax-us-east-rtb-adx.amazon-adsystem.com,AVAILABILITY,origin.list,origin.list,2022-12-24 05:26:10.402850,f900ec106296da2b17802056
aax-us-east-rtb.amazon-adsystem.com,AVAILABILITY,origin.list,origin.list,2022-12-24 05:26:10.537623,f900ec106296da2b17802056
aax-us-pdx-rtb-adx.amazon-adsystem.com,AVAILABILITY,origin.list,origin.list,2022-12-24 05:26:10.684211,f900ec106296da2b17802056
aax-us-east-retail-direct.amazon-adsystem.com,AVAILABILITY,origin.list,origin.list,2022-12-24 05:26:10.875659,f900ec106296da2b17802056
aax-us-pdx.amazon-adsystem.com,AVAILABILITY,origin.list,origin.list,2022-12-24 05:26:10.878134,f900ec106296da2b17802056
aax-us-pdx-rtb.amazon-adsystem.com,AVAILABILITY,origin.list,origin.list,2022-12-24 05:26:10.956764,f900ec106296da2b17802056
aax-us-west.amazon-adsystem.com,AVAILABILITY,origin.list,origin.list,2022-12-24 05:26:11.028976,f900ec106296da2b17802056
aax-vx-fe-us-west-2.amazon-adsystem.com,AVAILABILITY,origin.list,origin.list,2022-12-24 05:26:11.300605,f900ec106296da2b17802056
aax-fe-sin-rtb.amazon-adsystem.com,AVAILABILITY,origin.list,origin.list,2022-12-24 05:26:11.415851,f900ec106296da2b17802056
aax-vx-eu-eu-west-1.amazon-adsystem.com,AVAILABILITY,origin.list,origin.list,2022-12-24 05:26:11.432355,f900ec106296da2b17802056
aax-vx-us-us-east-1.amazon-adsystem.com,AVAILABILITY,origin.list,origin.list,2022-12-24 05:26:11.446960,f900ec106296da2b17802056
amazon-adsystem.com,AVAILABILITY,origin.list,origin.list,2022-12-24 05:26:11.646090,f900ec106296da2b17802056
aax-vx-us-us-west-2.amazon-adsystem.com,AVAILABILITY,origin.list,origin.list,2022-12-24 05:26:11.741224,f900ec106296da2b17802056
aax-us.amazon-adsystem.com,AVAILABILITY,origin.list,origin.list,2022-12-24 05:26:11.779089,f900ec106296da2b17802056
assoc-msdk-cn.amazon-adsystem.com,AVAILABILITY,origin.list,origin.list,2022-12-24 05:26:12.026276,f900ec106296da2b17802056
assoc-msdk-eu.amazon-adsystem.com,AVAILABILITY,origin.list,origin.list,2022-12-24 05:26:12.085904,f900ec106296da2b17802056
aax.amazon-adsystem.com,AVAILABILITY,origin.list,origin.list,2022-12-24 05:26:12.317807,f900ec106296da2b17802056
c.amazon-adsystem.com,AVAILABILITY,origin.list,origin.list,2022-12-24 05:26:12.691788,f900ec106296da2b17802056
assoc-msdk-us.amazon-adsystem.com,AVAILABILITY,origin.list,origin.list,2022-12-24 05:26:13.044573,f900ec106296da2b17802056
cdn-a.amazon-adsystem.com,AVAILABILITY,origin.list,origin.list,2022-12-24 05:26:13.072943,f900ec106296da2b17802056
cdn-d.amazon-adsystem.com,AVAILABILITY,origin.list,origin.list,2022-12-24 05:26:13.130136,f900ec106296da2b17802056
dra.amazon-adsystem.com,AVAILABILITY,origin.list,origin.list,2022-12-24 05:26:13.485090,f900ec106296da2b17802056
fls-cn.amazon-adsystem.com,AVAILABILITY,origin.list,origin.list,2022-12-24 05:26:13.656132,f900ec106296da2b17802056
da-cdn.amazon-adsystem.com,AVAILABILITY,origin.list,origin.list,2022-12-24 05:26:13.701166,f900ec106296da2b17802056
fls-eu.amazon-adsystem.com,AVAILABILITY,origin.list,origin.list,2022-12-24 05:26:13.751045,f900ec106296da2b17802056
cdn-t.amazon-adsystem.com,AVAILABILITY,origin.list,origin.list,2022-12-24 05:26:13.830613,f900ec106296da2b17802056
fls-fe.amazon-adsystem.com,AVAILABILITY,origin.list,origin.list,2022-12-24 05:26:14.029926,f900ec106296da2b17802056
fls-na.amazon-adsystem.com,AVAILABILITY,origin.list,origin.list,2022-12-24 05:26:14.210300,f900ec106296da2b17802056
ir-ca.amazon-adsystem.com,AVAILABILITY,origin.list,origin.list,2022-12-24 05:26:14.996617,f900ec106296da2b17802056
ir-br.amazon-adsystem.com,AVAILABILITY,origin.list,origin.list,2022-12-24 05:26:15.088121,f900ec106296da2b17802056
imdb.amazon-adsystem.com,AVAILABILITY,origin.list,origin.list,2022-12-24 05:26:15.092606,f900ec106296da2b17802056
ir-cn.amazon-adsystem.com,AVAILABILITY,origin.list,origin.list,2022-12-24 05:26:15.350181,f900ec106296da2b17802056
ir-de.amazon-adsystem.com,AVAILABILITY,origin.list,origin.list,2022-12-24 05:26:15.379793,f900ec106296da2b17802056
ir-es.amazon-adsystem.com,AVAILABILITY,origin.list,origin.list,2022-12-24 05:26:16.377715,f900ec106296da2b17802056
ir-fr.amazon-adsystem.com,AVAILABILITY,origin.list,origin.list,2022-12-24 05:26:16.386134,f900ec106296da2b17802056
ir-jp.amazon-adsystem.com,AVAILABILITY,origin.list,origin.list,2022-12-24 05:26:16.425366,f900ec106296da2b17802056
ir-in.amazon-adsystem.com,AVAILABILITY,origin.list,origin.list,2022-12-24 05:26:16.439823,f900ec106296da2b17802056
ir-it.amazon-adsystem.com,AVAILABILITY,origin.list,origin.list,2022-12-24 05:26:16.508188,f900ec106296da2b17802056
ir-mx.amazon-adsystem.com,AVAILABILITY,origin.list,origin.list,2022-12-24 05:26:17.203422,f900ec106296da2b17802056
ir-uk.amazon-adsystem.com,AVAILABILITY,origin.list,origin.list,2022-12-24 05:26:17.453089,f900ec106296da2b17802056
ir-na.amazon-adsystem.com,AVAILABILITY,origin.list,origin.list,2022-12-24 05:26:17.944838,f900ec106296da2b17802056
mads.amazon-adsystem.com,AVAILABILITY,origin.list,origin.list,2022-12-24 05:26:18.104930,f900ec106296da2b17802056
mas-sdk.amazon-adsystem.com,AVAILABILITY,origin.list,origin.list,2022-12-24 05:26:18.121678,f900ec106296da2b17802056
ps-eu.amazon-adsystem.com,AVAILABILITY,origin.list,origin.list,2022-12-24 05:26:18.360912,f900ec106296da2b17802056
ps-us.amazon-adsystem.com,AVAILABILITY,origin.list,origin.list,2022-12-24 05:26:19.006425,f900ec106296da2b17802056
s.amazon-adsystem.com,AVAILABILITY,origin.list,origin.list,2022-12-24 05:26:19.352088,f900ec106296da2b17802056
v-eu-preprod.amazon-adsystem.com,AVAILABILITY,origin.list,origin.list,2022-12-24 05:26:19.696382,f900ec106296da2b17802056
v-eu.amazon-adsystem.com,AVAILABILITY,origin.list,origin.list,2022-12-24 05:26:20.039179,f900ec106296da2b17802056
rcm-na.amazon-adsystem.com,AVAILABILITY,origin.list,origin.list,2022-12-24 05:26:20.100362,f900ec106296da2b17802056
ps-jp.amazon-adsystem.com,AVAILABILITY,origin.list,origin.list,2022-12-24 05:26:20.136764,f900ec106296da2b17802056
rcm-eu.amazon-adsystem.com,AVAILABILITY,origin.list,origin.list,2022-12-24 05:26:20.156458,f900ec106296da2b17802056
vaes-eu-preprod.amazon-adsystem.com,AVAILABILITY,origin.list,origin.list,2022-12-24 05:26:20.444621,f900ec106296da2b17802056
v-preprod.amazon-adsystem.com,AVAILABILITY,origin.list,origin.list,2022-12-24 05:26:20.467529,f900ec106296da2b17802056
vaes-eu.amazon-adsystem.com,AVAILABILITY,origin.list,origin.list,2022-12-24 05:26:20.479707,f900ec106296da2b17802056
rcm-fe.amazon-adsystem.com,AVAILABILITY,origin.list,origin.list,2022-12-24 05:26:20.488288,f900ec106296da2b17802056
vaes-na-preprod.amazon-adsystem.com,AVAILABILITY,origin.list,origin.list,2022-12-24 05:26:20.810558,f900ec106296da2b17802056
vaes-fe.amazon-adsystem.com,AVAILABILITY,origin.list,origin.list,2022-12-24 05:26:21.058561,f900ec106296da2b17802056
vaes-na.amazon-adsystem.com,AVAILABILITY,origin.list,origin.list,2022-12-24 05:26:21.175019,f900ec106296da2b17802056
vaes-fe-preprod.amazon-adsystem.com,AVAILABILITY,origin.list,origin.list,2022-12-24 05:26:21.377935,f900ec106296da2b17802056
wms-in.amazon-adsystem.com,AVAILABILITY,origin.list,origin.list,2022-12-24 05:26:23.403539,f900ec106296da2b17802056
wms-eu.amazon-adsystem.com,AVAILABILITY,origin.list,origin.list,2022-12-24 05:26:25.673962,f900ec106296da2b17802056
ws-eu.amazon-adsystem.com,AVAILABILITY,origin.list,origin.list,2022-12-24 05:26:25.955480,f900ec106296da2b17802056
wms-na.amazon-adsystem.com,AVAILABILITY,origin.list,origin.list,2022-12-24 05:26:27.717758,f900ec106296da2b17802056
wms-fe.amazon-adsystem.com,AVAILABILITY,origin.list,origin.list,2022-12-24 05:26:27.724473,f900ec106296da2b17802056
ws-in.amazon-adsystem.com,AVAILABILITY,origin.list,origin.list,2022-12-24 05:26:27.840076,f900ec106296da2b17802056
vaes.amazon-adsystem.com,AVAILABILITY,origin.list,origin.list,2022-12-24 05:26:28.813619,f900ec106296da2b17802056
ws-fe.amazon-adsystem.com,AVAILABILITY,origin.list,origin.list,2022-12-24 05:26:29.852771,f900ec106296da2b17802056
z-in.amazon-adsystem.com,AVAILABILITY,origin.list,origin.list,2022-12-24 05:26:30.197207,f900ec106296da2b17802056
ws-na.amazon-adsystem.com,AVAILABILITY,origin.list,origin.list,2022-12-24 05:26:30.205534,f900ec106296da2b17802056
z-fe.amazon-adsystem.com,AVAILABILITY,origin.list,origin.list,2022-12-24 05:26:30.280285,f900ec106296da2b17802056
z-eu.amazon-adsystem.com,AVAILABILITY,origin.list,origin.list,2022-12-24 05:26:30.312613,f900ec106296da2b17802056
amazon-adsystems.com,AVAILABILITY,origin.list,origin.list,2022-12-24 05:26:30.420237,f900ec106296da2b17802056
aax.amazon-adsystems.com,AVAILABILITY,origin.list,origin.list,2022-12-24 05:26:30.712344,f900ec106296da2b17802056
c.amazon-adsystems.com,AVAILABILITY,origin.list,origin.list,2022-12-24 05:26:30.799838,f900ec106296da2b17802056
fls-fe.amazon-adsystems.com,AVAILABILITY,origin.list,origin.list,2022-12-24 05:26:30.824401,f900ec106296da2b17802056
z-na.amazon-adsystem.com,AVAILABILITY,origin.list,origin.list,2022-12-24 05:26:30.926334,f900ec106296da2b17802056
ir-na.amazon-adsystems.com,AVAILABILITY,origin.list,origin.list,2022-12-24 05:26:30.979760,f900ec106296da2b17802056
rcm-na.amazon-adsystems.com,AVAILABILITY,origin.list,origin.list,2022-12-24 05:26:31.287095,f900ec106296da2b17802056
ws.amazon-adsystems.com,AVAILABILITY,origin.list,origin.list,2022-12-24 05:26:31.323461,f900ec106296da2b17802056
z-na.amazon-adsystems.com,AVAILABILITY,origin.list,origin.list,2022-12-24 05:26:31.368933,f900ec106296da2b17802056
mobileanalytics.us-east-1.amazonaws.com,AVAILABILITY,origin.list,origin.list,2022-12-24 05:26:31.436038,f900ec106296da2b17802056
cloudfront-labs.amazonaws.com,AVAILABILITY,origin.list,origin.list,2022-12-24 05:26:31.616643,f900ec106296da2b17802056
popadex-1919430815.us-east-1.elb.amazonaws.com,AVAILABILITY,origin.list,origin.list,2022-12-24 05:26:31.900052,f900ec106296da2b17802056
us-east-1.prod.pr.analytics.console.aws.a2z.com,AVAILABILITY,origin.list,origin.list,2022-12-24 05:26:31.959632,f900ec106296da2b17802056
ap-southeast-1.prod.pr.analytics.console.aws.a2z.com,AVAILABILITY,origin.list,origin.list,2022-12-24 05:26:32.137468,f900ec106296da2b17802056
prod.cm.publishers.advertising.a2z.com,AVAILABILITY,origin.list,origin.list,2022-12-24 05:26:32.168649,f900ec106296da2b17802056
metrics.client-eng.a2z.com,AVAILABILITY,origin.list,origin.list,2022-12-24 05:26:32.476339,f900ec106296da2b17802056
us-east-1.prod.pw.analytics.console.aws.a2z.com,AVAILABILITY,origin.list,origin.list,2022-12-24 05:26:32.484362,f900ec106296da2b17802056
us-west-2.prod.pr.analytics.console.aws.a2z.com,AVAILABILITY,origin.list,origin.list,2022-12-24 05:26:32.506831,f900ec106296da2b17802056
us-east-2.prod.pr.analytics.console.aws.a2z.com,AVAILABILITY,origin.list,origin.list,2022-12-24 05:26:32.655070,f900ec106296da2b17802056
us-east-1.telemetry.insights.video.a2z.com,AVAILABILITY,origin.list,origin.list,2022-12-24 05:26:32.821699,f900ec106296da2b17802056
px.srvcs.tumblr.com,AVAILABILITY,origin.list,origin.list,2022-12-24 05:26:33.512491,f900ec106296da2b17802056
ls.srvcs.tumblr.com,AVAILABILITY,origin.list,origin.list,2022-12-24 05:26:34.196462,f900ec106296da2b17802056
platform.tumblr.com,AVAILABILITY,origin.list,origin.list,2022-12-24 05:26:34.721997,f900ec106296da2b17802056
3p-udc.yahoo.com,AVAILABILITY,origin.list,origin.list,2022-12-24 05:26:35.331746,f900ec106296da2b17802056
3p-geo.yahoo.com,AVAILABILITY,origin.list,origin.list,2022-12-24 05:26:35.529369,f900ec106296da2b17802056
beap-bc.yahoo.com,AVAILABILITY,origin.list,origin.list,2022-12-24 05:26:37.363982,f900ec106296da2b17802056
analytics.query.yahoo.com,AVAILABILITY,origin.list,origin.list,2022-12-24 05:26:37.451897,f900ec106296da2b17802056
saber.srvcs.tumblr.com,AVAILABILITY,origin.list,origin.list,2022-12-24 05:26:37.580179,f900ec106296da2b17802056
bats.video.yahoo.com,AVAILABILITY,origin.list,origin.list,2022-12-24 05:26:38.291314,f900ec106296da2b17802056
geo.yahoo.com,AVAILABILITY,origin.list,origin.list,2022-12-24 05:26:39.437068,f900ec106296da2b17802056
global.telemetry.insights.video.a2z.com,AVAILABILITY,origin.list,origin.list,2022-12-24 05:26:43.636195,f900ec106296da2b17802056
geo.query.yahoo.com,AVAILABILITY,origin.list,origin.list,2022-12-24 05:26:55.044848,f900ec106296da2b17802056
marketingsolutions.yahoo.com,AVAILABILITY,origin.list,origin.list,2022-12-24 05:27:00.018874,f900ec106296da2b17802056
pr-bh.ybp.yahoo.com,AVAILABILITY,origin.list,origin.list,2022-12-24 05:27:33.464999,f900ec106296da2b17802056
nol.yahoo.com,AVAILABILITY,origin.list,origin.list,2022-12-24 05:27:40.158398,f900ec106296da2b17802056
partnerads.ysm.yahoo.com,AVAILABILITY,origin.list,origin.list,2022-12-24 05:27:44.927596,f900ec106296da2b17802056
pr.comet.yahoo.com,AVAILABILITY,origin.list,origin.list,2022-12-24 05:28:00.777394,f900ec106296da2b17802056
visit.webhosting.yahoo.com,AVAILABILITY,origin.list,origin.list,2022-12-24 05:28:10.413170,f900ec106296da2b17802056
ads.finance.yahoo.com,AVAILABILITY,origin.list,origin.list,2022-12-24 05:28:45.522819,f900ec106296da2b17802056
adserver.yahoo.com,AVAILABILITY,origin.list,origin.list,2022-12-24 05:28:48.192283,f900ec106296da2b17802056
ads.auctions.yahoo.com,AVAILABILITY,origin.list,origin.list,2022-12-24 05:28:48.233812,f900ec106296da2b17802056
hk.adserver.yahoo.com,AVAILABILITY,origin.list,origin.list,2022-12-24 05:29:00.802212,f900ec106296da2b17802056
global.adserver.yahoo.com,AVAILABILITY,origin.list,origin.list,2022-12-24 05:29:01.506521,f900ec106296da2b17802056
sg.adserver.yahoo.com,AVAILABILITY,origin.list,origin.list,2022-12-24 05:29:33.763274,f900ec106296da2b17802056
m.adserver.yahoo.com,AVAILABILITY,origin.list,origin.list,2022-12-24 05:29:43.811198,f900ec106296da2b17802056
launch.adserver.yahoo.com,AVAILABILITY,origin.list,origin.list,2022-12-24 05:29:48.970546,f900ec106296da2b17802056
splitroute.adserver.yahoo.com,AVAILABILITY,origin.list,origin.list,2022-12-24 05:29:49.552888,f900ec106296da2b17802056
tw.adserver.yahoo.com,AVAILABILITY,origin.list,origin.list,2022-12-24 05:29:49.873412,f900ec106296da2b17802056
uk.adserver.yahoo.com,AVAILABILITY,origin.list,origin.list,2022-12-24 05:29:50.248566,f900ec106296da2b17802056
us.adserver.yahoo.com,AVAILABILITY,origin.list,origin.list,2022-12-24 05:29:50.668084,f900ec106296da2b17802056
vn.adserver.yahoo.com,AVAILABILITY,origin.list,origin.list,2022-12-24 05:29:50.787543,f900ec106296da2b17802056
opus-dev.analytics.yahoo.com,AVAILABILITY,origin.list,origin.list,2022-12-24 05:29:51.292131,f900ec106296da2b17802056
cms.analytics.yahoo.com,AVAILABILITY,origin.list,origin.list,2022-12-24 05:29:51.664597,f900ec106296da2b17802056
opus.analytics.yahoo.com,AVAILABILITY,origin.list,origin.list,2022-12-24 05:29:52.895302,f900ec106296da2b17802056
real.sp.analytics.yahoo.com,AVAILABILITY,origin.list,origin.list,2022-12-24 05:29:53.060438,f900ec106296da2b17802056
service-dev.idsync.analytics.yahoo.com,AVAILABILITY,origin.list,origin.list,2022-12-24 05:29:53.205275,f900ec106296da2b17802056
analytics.yahoo.com,AVAILABILITY,origin.list,origin.list,2022-12-24 05:29:53.730768,f900ec106296da2b17802056
sp-ycpi.analytics.yahoo.com,AVAILABILITY,origin.list,origin.list,2022-12-24 05:29:55.174715,f900ec106296da2b17802056
sp.analytics.yahoo.com,AVAILABILITY,origin.list,origin.list,2022-12-24 05:29:56.813762,f900ec106296da2b17802056
service.idsync.analytics.yahoo.com,AVAILABILITY,origin.list,origin.list,2022-12-24 05:29:57.745928,f900ec106296da2b17802056
tag.idsync.analytics.yahoo.com,AVAILABILITY,origin.list,origin.list,2022-12-24 05:29:57.765155,f900ec106296da2b17802056
www.analytics.yahoo.com,AVAILABILITY,origin.list,origin.list,2022-12-24 05:30:00.548682,f900ec106296da2b17802056
ups.analytics.yahoo.com,AVAILABILITY,origin.list,origin.list,2022-12-24 05:30:01.027682,f900ec106296da2b17802056
ads.yahoo.com,AVAILABILITY,origin.list,origin.list,2022-12-24 05:30:01.065486,f900ec106296da2b17802056
na.ads.yahoo.com,AVAILABILITY,origin.list,origin.list,2022-12-24 05:30:01.145028,f900ec106296da2b17802056
data.ads.yahoo.com,AVAILABILITY,origin.list,origin.list,2022-12-24 05:30:01.399001,f900ec106296da2b17802056
tearsheet-stg.ads.yahoo.com,AVAILABILITY,origin.list,origin.list,2022-12-24 05:30:09.853595,f900ec106296da2b17802056
tp.ads.yahoo.com,AVAILABILITY,origin.list,origin.list,2022-12-24 05:30:11.880836,f900ec106296da2b17802056
in.advertising.yahoo.com,AVAILABILITY,origin.list,origin.list,2022-12-24 05:30:12.491695,f900ec106296da2b17802056
uk.advertising.yahoo.com,AVAILABILITY,origin.list,origin.list,2022-12-24 05:30:16.237809,f900ec106296da2b17802056
fc.yahoo.com,AVAILABILITY,origin.list,origin.list,2022-12-24 05:30:17.075654,f900ec106296da2b17802056
sea.advertising.yahoo.com,AVAILABILITY,origin.list,origin.list,2022-12-24 05:30:21.693301,f900ec106296da2b17802056
advertising.yahoo.com,AVAILABILITY,origin.list,origin.list,2022-12-24 05:30:22.116787,f900ec106296da2b17802056
jill.fc.yahoo.com,AVAILABILITY,origin.list,origin.list,2022-12-24 05:30:22.282308,f900ec106296da2b17802056
log.fc.yahoo.com,AVAILABILITY,origin.list,origin.list,2022-12-24 05:30:22.480675,f900ec106296da2b17802056
beap.gemini.yahoo.com,AVAILABILITY,origin.list,origin.list,2022-12-24 05:30:23.916498,f900ec106296da2b17802056
api.gemini.yahoo.com,AVAILABILITY,origin.list,origin.list,2022-12-24 05:30:24.357978,f900ec106296da2b17802056
all.fc.yahoo.com,AVAILABILITY,origin.list,origin.list,2022-12-24 05:30:25.654520,f900ec106296da2b17802056
sg3.beap.gemini.yahoo.com,AVAILABILITY,origin.list,origin.list,2022-12-24 05:30:25.790673,f900ec106296da2b17802056
tp2.beap.gemini.yahoo.com,AVAILABILITY,origin.list,origin.list,2022-12-24 05:30:27.397025,f900ec106296da2b17802056
pclick.yahoo.com,AVAILABILITY,origin.list,origin.list,2022-12-24 05:30:28.923369,f900ec106296da2b17802056
rtb.pclick.yahoo.com,AVAILABILITY,origin.list,origin.list,2022-12-24 05:30:29.083798,f900ec106296da2b17802056
app.ssp.yahoo.com,AVAILABILITY,origin.list,origin.list,2022-12-24 05:30:32.709024,f900ec106296da2b17802056
n.gemini.yahoo.com,AVAILABILITY,origin.list,origin.list,2022-12-24 05:30:33.888016,f900ec106296da2b17802056
gemini.yahoo.com,AVAILABILITY,origin.list,origin.list,2022-12-24 05:30:34.536454,f900ec106296da2b17802056
ads-verify.yap.yahoo.com,AVAILABILITY,origin.list,origin.list,2022-12-24 05:30:35.193136,f900ec106296da2b17802056
c2shb.ssp.yahoo.com,AVAILABILITY,origin.list,origin.list,2022-12-24 05:30:35.769240,f900ec106296da2b17802056
ssp.gemini.yahoo.com,AVAILABILITY,origin.list,origin.list,2022-12-24 05:30:35.956016,f900ec106296da2b17802056
ads.yap.yahoo.com,AVAILABILITY,origin.list,origin.list,2022-12-24 05:30:36.436535,f900ec106296da2b17802056
m.yap.yahoo.com,AVAILABILITY,origin.list,origin.list,2022-12-24 05:30:36.948606,f900ec106296da2b17802056
ard.yahoo.co.jp,AVAILABILITY,origin.list,origin.list,2022-12-24 05:30:38.020228,f900ec106296da2b17802056
us.ads.yap.yahoo.com,AVAILABILITY,origin.list,origin.list,2022-12-24 05:30:38.160185,f900ec106296da2b17802056
b90.yahoo.co.jp,AVAILABILITY,origin.list,origin.list,2022-12-24 05:30:39.054111,f900ec106296da2b17802056
b92.yahoo.co.jp,AVAILABILITY,origin.list,origin.list,2022-12-24 05:30:39.506141,f900ec106296da2b17802056
b94.yahoo.co.jp,AVAILABILITY,origin.list,origin.list,2022-12-24 05:30:39.710801,f900ec106296da2b17802056
real.pclick.yahoo.com,AVAILABILITY,origin.list,origin.list,2022-12-24 05:30:40.585620,f900ec106296da2b17802056
b97.yahoo.co.jp,AVAILABILITY,origin.list,origin.list,2022-12-24 05:30:41.181179,f900ec106296da2b17802056
dsb.yahoo.co.jp,AVAILABILITY,origin.list,origin.list,2022-12-24 05:30:41.277924,f900ec106296da2b17802056
yads.yahoo.co.jp,AVAILABILITY,origin.list,origin.list,2022-12-24 05:30:42.880777,f900ec106296da2b17802056
logql.yahoo.co.jp,AVAILABILITY,origin.list,origin.list,2022-12-24 05:30:43.342486,f900ec106296da2b17802056
yads.yjtag.yahoo.co.jp,AVAILABILITY,origin.list,origin.list,2022-12-24 05:30:43.891093,f900ec106296da2b17802056
promotionalads.yahoo.co.jp,AVAILABILITY,origin.list,origin.list,2022-12-24 05:30:44.087705,f900ec106296da2b17802056
ov.yahoo.co.jp,AVAILABILITY,origin.list,origin.list,2022-12-24 05:30:44.112420,f900ec106296da2b17802056
yeas.yahoo.co.jp,AVAILABILITY,origin.list,origin.list,2022-12-24 05:30:45.111974,f900ec106296da2b17802056
ybx.yahoo.co.jp,AVAILABILITY,origin.list,origin.list,2022-12-24 05:30:45.342786,f900ec106296da2b17802056
aag.yahooapis.jp,AVAILABILITY,origin.list,origin.list,2022-12-24 05:30:45.637960,f900ec106296da2b17802056
static.affiliate.rakuten.co.jp,AVAILABILITY,origin.list,origin.list,2022-12-24 05:30:46.030830,f900ec106296da2b17802056
affiliate.rakuten.co.jp,AVAILABILITY,origin.list,origin.list,2022-12-24 05:30:46.607272,f900ec106296da2b17802056
rat.rakuten.co.jp,AVAILABILITY,origin.list,origin.list,2022-12-24 05:30:49.068078,f900ec106296da2b17802056
xml.affiliate.rakuten.co.jp,AVAILABILITY,origin.list,origin.list,2022-12-24 05:30:49.413612,f900ec106296da2b17802056
an.facebook.com,AVAILABILITY,origin.list,origin.list,2022-12-24 05:30:50.607800,f900ec106296da2b17802056
o.update.fbsbx.com,AVAILABILITY,origin.list,origin.list,2022-12-24 05:30:50.934217,f900ec106296da2b17802056
pixel.facebook.com,AVAILABILITY,origin.list,origin.list,2022-12-24 05:30:51.199040,f900ec106296da2b17802056
p.update.fbsbx.com,AVAILABILITY,origin.list,origin.list,2022-12-24 05:30:51.256278,f900ec106296da2b17802056
ads.facebook.com,AVAILABILITY,origin.list,origin.list,2022-12-24 05:30:51.714204,f900ec106296da2b17802056
post.update.fbsbx.com,AVAILABILITY,origin.list,origin.list,2022-12-24 05:30:52.377073,f900ec106296da2b17802056
u.update.fbsbx.com,AVAILABILITY,origin.list,origin.list,2022-12-24 05:30:52.954328,f900ec106296da2b17802056
t.update.fbsbx.com,AVAILABILITY,origin.list,origin.list,2022-12-24 05:30:54.291167,f900ec106296da2b17802056
s.update.fbsbx.com,AVAILABILITY,origin.list,origin.list,2022-12-24 05:30:54.329601,f900ec106296da2b17802056
ads-api.twitter.com,AVAILABILITY,origin.list,origin.list,2022-12-24 05:30:54.867337,f900ec106296da2b17802056
ads-bidder-api.twitter.com,AVAILABILITY,origin.list,origin.list,2022-12-24 05:30:55.192057,f900ec106296da2b17802056
privatestats.whatsapp.net,AVAILABILITY,origin.list,origin.list,2022-12-24 05:30:55.261104,f900ec106296da2b17802056
dit.whatsapp.net,AVAILABILITY,origin.list,origin.list,2022-12-24 05:30:55.339383,f900ec106296da2b17802056
ads-twitter.com,AVAILABILITY,origin.list,origin.list,2022-12-24 05:30:55.408408,f900ec106296da2b17802056
static.ads-twitter.com,AVAILABILITY,origin.list,origin.list,2022-12-24 05:30:58.504592,f900ec106296da2b17802056
ads.twitter.com,AVAILABILITY,origin.list,origin.list,2022-12-24 05:31:08.481180,f900ec106296da2b17802056
analytics.spotify.com,AVAILABILITY,origin.list,origin.list,2022-12-24 05:31:18.524242,f900ec106296da2b17802056
adeventtracker.spotify.com,AVAILABILITY,origin.list,origin.list,2022-12-24 05:31:18.950148,f900ec106296da2b17802056
analytics.twitter.com,AVAILABILITY,origin.list,origin.list,2022-12-24 05:31:26.840927,f900ec106296da2b17802056
ads-d.viber.com,AVAILABILITY,origin.list,origin.list,2022-12-24 05:31:59.459632,f900ec106296da2b17802056
pixel-static.spotify.com,AVAILABILITY,origin.list,origin.list,2022-12-24 05:32:03.914023,f900ec106296da2b17802056
log.spotify.com,AVAILABILITY,origin.list,origin.list,2022-12-24 05:32:04.035749,f900ec106296da2b17802056
pixel.spotify.com,AVAILABILITY,origin.list,origin.list,2022-12-24 05:32:09.072192,f900ec106296da2b17802056
admob.com,AVAILABILITY,origin.list,origin.list,2022-12-24 05:32:19.701342,f900ec106296da2b17802056
ads.viber.com,AVAILABILITY,origin.list,origin.list,2022-12-24 05:32:24.708634,f900ec106296da2b17802056
trac.admob.com,AVAILABILITY,origin.list,origin.list,2022-12-24 05:32:37.281662,f900ec106296da2b17802056
analytics-prod2.glance-internal.inmobi.com,AVAILABILITY,origin.list,origin.list,2022-12-24 05:32:59.780290,f900ec106296da2b17802056
c.admob.com,AVAILABILITY,origin.list,origin.list,2022-12-24 05:33:05.174193,f900ec106296da2b17802056
media.admob.com,AVAILABILITY,origin.list,origin.list,2022-12-24 05:33:09.572470,f900ec106296da2b17802056
ads.inmobi.com,AVAILABILITY,origin.list,origin.list,2022-12-24 05:33:20.023671,f900ec106296da2b17802056
r.l.admob.com,AVAILABILITY,origin.list,origin.list,2022-12-24 05:33:25.159218,f900ec106296da2b17802056
analytics.glance.inmobi.com,AVAILABILITY,origin.list,origin.list,2022-12-24 05:33:52.691193,f900ec106296da2b17802056
api.glance.inmobi.com,AVAILABILITY,origin.list,origin.list,2022-12-24 05:34:08.023316,f900ec106296da2b17802056
api.w.inmobi.com,AVAILABILITY,origin.list,origin.list,2022-12-24 05:34:08.150575,f900ec106296da2b17802056
c-eus.w.inmobi.com,AVAILABILITY,origin.list,origin.list,2022-12-24 05:34:08.305331,f900ec106296da2b17802056
au.w.inmobi.com,AVAILABILITY,origin.list,origin.list,2022-12-24 05:34:08.530720,f900ec106296da2b17802056
config.eastus-ssp.appgwv2.inmobi.com,AVAILABILITY,origin.list,origin.list,2022-12-24 05:34:08.935844,f900ec106296da2b17802056
config-ltvp.inmobi.com,AVAILABILITY,origin.list,origin.list,2022-12-24 05:34:09.207639,f900ec106296da2b17802056
b.de.inmobi.com,AVAILABILITY,origin.list,origin.list,2022-12-24 05:34:09.267095,f900ec106296da2b17802056
content-prod3.glance-internal.inmobi.com,AVAILABILITY,origin.list,origin.list,2022-12-24 05:34:09.834818,f900ec106296da2b17802056
config.inmobi.com,AVAILABILITY,origin.list,origin.list,2022-12-24 05:34:10.081385,f900ec106296da2b17802056
de.inmobi.com,AVAILABILITY,origin.list,origin.list,2022-12-24 05:34:10.571808,f900ec106296da2b17802056
carpet.pulse.inmobi.com,AVAILABILITY,origin.list,origin.list,2022-12-24 05:34:10.707914,f900ec106296da2b17802056
da.inmobi.com,AVAILABILITY,origin.list,origin.list,2022-12-24 05:34:11.597088,f900ec106296da2b17802056
e.de.inmobi.com,AVAILABILITY,origin.list,origin.list,2022-12-24 05:34:13.308842,f900ec106296da2b17802056
et-eus.w.inmobi.com,AVAILABILITY,origin.list,origin.list,2022-12-24 05:34:14.274257,f900ec106296da2b17802056
eventserver-eastus.trafficmanager.idsp.inmobi.com,AVAILABILITY,origin.list,origin.list,2022-12-24 05:34:14.595626,f900ec106296da2b17802056
et.w.eastus.trafficmanager.inmobi.com,AVAILABILITY,origin.list,origin.list,2022-12-24 05:34:16.482473,f900ec106296da2b17802056
et.w.inmobi.com,AVAILABILITY,origin.list,origin.list,2022-12-24 05:34:16.920783,f900ec106296da2b17802056
i.w.inmobi.com,AVAILABILITY,origin.list,origin.list,2022-12-24 05:34:17.136146,f900ec106296da2b17802056
idsp.inmobi.com,AVAILABILITY,origin.list,origin.list,2022-12-24 05:34:19.718233,f900ec106296da2b17802056
glance.inmobi.com,AVAILABILITY,origin.list,origin.list,2022-12-24 05:34:20.147293,f900ec106296da2b17802056
gionee.analytics.glance.inmobi.com,AVAILABILITY,origin.list,origin.list,2022-12-24 05:34:20.245800,f900ec106296da2b17802056
id.api.glance.inmobi.com,AVAILABILITY,origin.list,origin.list,2022-12-24 05:34:23.610198,f900ec106296da2b17802056
id.analytics.glance.inmobi.com,AVAILABILITY,origin.list,origin.list,2022-12-24 05:34:28.737937,f900ec106296da2b17802056
inmobi.com,AVAILABILITY,origin.list,origin.list,2022-12-24 05:34:31.877539,f900ec106296da2b17802056
in.analytics.glance.inmobi.com,AVAILABILITY,origin.list,origin.list,2022-12-24 05:34:32.198467,f900ec106296da2b17802056
in.api.glance.inmobi.com,AVAILABILITY,origin.list,origin.list,2022-12-24 05:34:32.901691,f900ec106296da2b17802056
nonmutt.eastus.trafficmanager.inmobi.com,AVAILABILITY,origin.list,origin.list,2022-12-24 05:34:35.799153,f900ec106296da2b17802056
js.w.inmobi.com,AVAILABILITY,origin.list,origin.list,2022-12-24 05:34:35.946862,f900ec106296da2b17802056
nonmutt.sgp.trafficmanager.inmobi.com,AVAILABILITY,origin.list,origin.list,2022-12-24 05:34:36.292798,f900ec106296da2b17802056
imces.dfw1.vip.inmobi.com,AVAILABILITY,origin.list,origin.list,2022-12-24 05:34:38.161772,f900ec106296da2b17802056
imces.inmobi.com,AVAILABILITY,origin.list,origin.list,2022-12-24 05:34:38.581690,f900ec106296da2b17802056
ssp-prod-old-telemerty-eastus-appgwv2.inmobi.com,AVAILABILITY,origin.list,origin.list,2022-12-24 05:34:39.309356,f900ec106296da2b17802056
sdkm.w.inmobi.com,AVAILABILITY,origin.list,origin.list,2022-12-24 05:34:39.697383,f900ec106296da2b17802056
pulse.inmobi.com,AVAILABILITY,origin.list,origin.list,2022-12-24 05:34:39.917387,f900ec106296da2b17802056
telemetry.sdk.eastus-ssp.appgwv2.inmobi.com,AVAILABILITY,origin.list,origin.list,2022-12-24 05:34:40.183101,f900ec106296da2b17802056
ssp-prod-telemerty-eastus-appgwv2.inmobi.com,AVAILABILITY,origin.list,origin.list,2022-12-24 05:34:41.268252,f900ec106296da2b17802056
usa.da.inmobi.com,AVAILABILITY,origin.list,origin.list,2022-12-24 05:34:41.488994,f900ec106296da2b17802056
vast.w.inmobi.com,AVAILABILITY,origin.list,origin.list,2022-12-24 05:34:43.702169,f900ec106296da2b17802056
telemetry.sdk.inmobi.com,AVAILABILITY,origin.list,origin.list,2022-12-24 05:34:44.107910,f900ec106296da2b17802056
vastproxy.brand.inmobi.com,AVAILABILITY,origin.list,origin.list,2022-12-24 05:34:44.752155,f900ec106296da2b17802056
reaper.pulse.inmobi.com,AVAILABILITY,origin.list,origin.list,2022-12-24 05:34:44.836962,f900ec106296da2b17802056
w.inmobi.com,AVAILABILITY,origin.list,origin.list,2022-12-24 05:34:45.856189,f900ec106296da2b17802056
api.w.inmobi.cn,AVAILABILITY,origin.list,origin.list,2022-12-24 05:34:48.108616,f900ec106296da2b17802056
config.inmobi.cn,AVAILABILITY,origin.list,origin.list,2022-12-24 05:34:49.054285,f900ec106296da2b17802056
et2.w.inmobi.cn,AVAILABILITY,origin.list,origin.list,2022-12-24 05:34:50.648306,f900ec106296da2b17802056
au.w.inmobi.cn,AVAILABILITY,origin.list,origin.list,2022-12-24 05:34:51.865441,f900ec106296da2b17802056
c2s.w.inmobi.cn,AVAILABILITY,origin.list,origin.list,2022-12-24 05:34:52.815363,f900ec106296da2b17802056
i.w.inmobi.cn,AVAILABILITY,origin.list,origin.list,2022-12-24 05:34:53.567742,f900ec106296da2b17802056
helix.inmobi.cn,AVAILABILITY,origin.list,origin.list,2022-12-24 05:34:54.029647,f900ec106296da2b17802056
supply-tool.inmobi.cn,AVAILABILITY,origin.list,origin.list,2022-12-24 05:34:54.561685,f900ec106296da2b17802056
w.inmobi.cn,AVAILABILITY,origin.list,origin.list,2022-12-24 05:34:55.914462,f900ec106296da2b17802056
inmobi.cn,AVAILABILITY,origin.list,origin.list,2022-12-24 05:34:56.033758,f900ec106296da2b17802056
www.inmobi.cn,AVAILABILITY,origin.list,origin.list,2022-12-24 05:34:59.556162,f900ec106296da2b17802056
cdn.oem.inmobi.net,AVAILABILITY,origin.list,origin.list,2022-12-24 05:35:01.369118,f900ec106296da2b17802056
sdkm.w.inmobi.cn,AVAILABILITY,origin.list,origin.list,2022-12-24 05:35:03.354053,f900ec106296da2b17802056
sdktm.w.inmobi.cn,AVAILABILITY,origin.list,origin.list,2022-12-24 05:35:03.808042,f900ec106296da2b17802056
go.inmobi.net,AVAILABILITY,origin.list,origin.list,2022-12-24 05:35:04.780626,f900ec106296da2b17802056
inmobi.net,AVAILABILITY,origin.list,origin.list,2022-12-24 05:35:04.799130,f900ec106296da2b17802056
telemetry.sdk.inmobi.cn,AVAILABILITY,origin.list,origin.list,2022-12-24 05:35:05.223143,f900ec106296da2b17802056
indecode.inmobi.net,AVAILABILITY,origin.list,origin.list,2022-12-24 05:35:05.613378,f900ec106296da2b17802056
cors-studio.inmobicdn.net,AVAILABILITY,origin.list,origin.list,2022-12-24 05:35:06.092734,f900ec106296da2b17802056
w.vip.dfw2.inmobi.cn,AVAILABILITY,origin.list,origin.list,2022-12-24 05:35:07.051307,f900ec106296da2b17802056
fp.studio.inmobicdn.net,AVAILABILITY,origin.list,origin.list,2022-12-24 05:35:08.081097,f900ec106296da2b17802056
g.g.l.inmobicdn.net,AVAILABILITY,origin.list,origin.list,2022-12-24 05:35:09.132252,f900ec106296da2b17802056
adtools.inmobicdn.net,AVAILABILITY,origin.list,origin.list,2022-12-24 05:35:09.569459,f900ec106296da2b17802056
glance.l.inmobicdn.net,AVAILABILITY,origin.list,origin.list,2022-12-24 05:35:09.786736,f900ec106296da2b17802056
i.l.inmobicdn.net,AVAILABILITY,origin.list,origin.list,2022-12-24 05:35:10.707573,f900ec106296da2b17802056
inmobiassets.inmobicdn.net,AVAILABILITY,origin.list,origin.list,2022-12-24 05:35:12.772502,f900ec106296da2b17802056
heisenberg.inmobicdn.net,AVAILABILITY,origin.list,origin.list,2022-12-24 05:35:13.840323,f900ec106296da2b17802056
ifctpads.inmobicdn.net,AVAILABILITY,origin.list,origin.list,2022-12-24 05:35:14.206341,f900ec106296da2b17802056
r.edge.inmobicdn.net,AVAILABILITY,origin.list,origin.list,2022-12-24 05:35:14.437963,f900ec106296da2b17802056
redge.inmobicdn.net,AVAILABILITY,origin.list,origin.list,2022-12-24 05:35:15.369577,f900ec106296da2b17802056
resources.inmobi.net,AVAILABILITY,origin.list,origin.list,2022-12-24 05:35:15.801397,f900ec106296da2b17802056
review.studio.inmobicdn.net,AVAILABILITY,origin.list,origin.list,2022-12-24 05:35:15.889950,f900ec106296da2b17802056
sink.l.inmobicdn.net,AVAILABILITY,origin.list,origin.list,2022-12-24 05:35:16.764539,f900ec106296da2b17802056
s.g.l.inmobicdn.net,AVAILABILITY,origin.list,origin.list,2022-12-24 05:35:16.848980,f900ec106296da2b17802056
studio.inmobicdn.net,AVAILABILITY,origin.list,origin.list,2022-12-24 05:35:17.214918,f900ec106296da2b17802056
uac-assets.inmobicdn.net,AVAILABILITY,origin.list,origin.list,2022-12-24 05:35:17.808756,f900ec106296da2b17802056
t.g.l.inmobicdn.net,AVAILABILITY,origin.list,origin.list,2022-12-24 05:35:18.302121,f900ec106296da2b17802056
website.inmobicdn.net,AVAILABILITY,origin.list,origin.list,2022-12-24 05:35:18.736528,f900ec106296da2b17802056
blueserving.com,AVAILABILITY,origin.list,origin.list,2022-12-24 05:35:18.856933,f900ec106296da2b17802056
v.g.l.inmobicdn.net,AVAILABILITY,origin.list,origin.list,2022-12-24 05:35:19.368319,f900ec106296da2b17802056
a.blueserving.com,AVAILABILITY,origin.list,origin.list,2022-12-24 05:35:19.915029,f900ec106296da2b17802056
d.blueserving.com,AVAILABILITY,origin.list,origin.list,2022-12-24 05:35:20.266053,f900ec106296da2b17802056
x.g.l.inmobicdn.net,AVAILABILITY,origin.list,origin.list,2022-12-24 05:35:20.279432,f900ec106296da2b17802056
inmobicdn.net,AVAILABILITY,origin.list,origin.list,2022-12-24 05:35:21.296062,f900ec106296da2b17802056
heyzap.com,AVAILABILITY,origin.list,origin.list,2022-12-24 05:35:21.436757,f900ec106296da2b17802056
dsp.blueserving.com,AVAILABILITY,origin.list,origin.list,2022-12-24 05:35:21.830274,f900ec106296da2b17802056
ssp.blueserving.com,AVAILABILITY,origin.list,origin.list,2022-12-24 05:35:22.325386,f900ec106296da2b17802056
android.heyzap.com,AVAILABILITY,origin.list,origin.list,2022-12-24 05:35:23.119673,f900ec106296da2b17802056
ads.heyzap.com,AVAILABILITY,origin.list,origin.list,2022-12-24 05:35:23.182727,f900ec106296da2b17802056
sdk.heyzap.com,AVAILABILITY,origin.list,origin.list,2022-12-24 05:35:23.606831,f900ec106296da2b17802056
www.heyzap.com,AVAILABILITY,origin.list,origin.list,2022-12-24 05:35:23.927663,f900ec106296da2b17802056
med.heyzap.com,AVAILABILITY,origin.list,origin.list,2022-12-24 05:35:24.694178,f900ec106296da2b17802056
x.heyzap.com,AVAILABILITY,origin.list,origin.list,2022-12-24 05:35:24.949147,f900ec106296da2b17802056
akamai.smartadserver.com,AVAILABILITY,origin.list,origin.list,2022-12-24 05:35:25.901910,f900ec106296da2b17802056
cdn1.smartadserver.com,AVAILABILITY,origin.list,origin.list,2022-12-24 05:35:27.055897,f900ec106296da2b17802056
diff.smartadserver.com,AVAILABILITY,origin.list,origin.list,2022-12-24 05:35:27.351277,f900ec106296da2b17802056
csync.smartadserver.com,AVAILABILITY,origin.list,origin.list,2022-12-24 05:35:27.396993,f900ec106296da2b17802056
track.blueserving.com,AVAILABILITY,origin.list,origin.list,2022-12-24 05:35:30.177678,f900ec106296da2b17802056
diff3.smartadserver.com,AVAILABILITY,origin.list,origin.list,2022-12-24 05:35:52.179755,f900ec106296da2b17802056
im2.smartadserver.com,AVAILABILITY,origin.list,origin.list,2022-12-24 05:35:57.139759,f900ec106296da2b17802056
jobs.smartadserver.com,AVAILABILITY,origin.list,origin.list,2022-12-24 05:36:17.707184,f900ec106296da2b17802056
eqx.smartadserver.com,AVAILABILITY,origin.list,origin.list,2022-12-24 05:36:18.180238,f900ec106296da2b17802056
itx5.smartadserver.com,AVAILABILITY,origin.list,origin.list,2022-12-24 05:36:30.842045,f900ec106296da2b17802056
gallery.smartadserver.com,AVAILABILITY,origin.list,origin.list,2022-12-24 05:36:32.128310,f900ec106296da2b17802056
mobile.smartadserver.com,AVAILABILITY,origin.list,origin.list,2022-12-24 05:36:52.789988,f900ec106296da2b17802056
