idna_subject,checker_type,destination,tested_at
bidder.pcl.exponential.com,AVAILABILITY,origin.list,2023-11-15 05:21:02.462948
www.alphonso.tv,AVAILABILITY,origin.list,2023-11-15 05:43:41.012346
www.webgains.com,AVAILABILITY,origin.list,2023-11-15 06:07:33.263334
dco.urekamedia.com,AVAILABILITY,origin.list,2023-11-15 06:27:46.656367
ads2.clearchannel.com,AVAILABILITY,origin.list,2023-11-15 06:42:15.389129
www.adservme.com,AVAILABILITY,origin.list,2023-11-15 07:19:41.717969
24log.de,AVAILABILITY,origin.list,2023-11-15 07:19:43.073505
www.asianmedia.com,AVAILABILITY,origin.list,2023-11-15 07:19:43.160929
solution.urekamedia.com,AVAILABILITY,origin.list,2023-11-15 07:19:43.821579
logger.foxitcloud.com,AVAILABILITY,origin.list,2023-11-15 07:19:44.077914
tracking.adsrv.io,AVAILABILITY,origin.list,2023-11-15 07:19:44.504615
img.mondiad.net,AVAILABILITY,origin.list,2023-11-15 07:19:44.624473
ads.avct.cloud,AVAILABILITY,origin.list,2023-11-15 07:19:45.262968
origin-ads.realsrv.com,AVAILABILITY,origin.list,2023-11-15 07:19:45.711709
adserving.urekamedia.com,AVAILABILITY,origin.list,2023-11-15 07:19:46.267349
core.royalads.net,AVAILABILITY,origin.list,2023-11-15 07:19:46.857569
appclick.co,AVAILABILITY,origin.list,2023-11-15 07:19:47.041904
www.invitemedia.com,AVAILABILITY,origin.list,2023-11-15 07:19:47.734182
mautic.casso.vn,AVAILABILITY,origin.list,2023-11-15 07:19:48.214275
cdn.ggsfq.com,AVAILABILITY,origin.list,2023-11-15 07:19:48.834261
commindo-media-ressourcen.de,AVAILABILITY,origin.list,2023-11-15 07:19:49.061662
chatbox.urekamedia.com,AVAILABILITY,origin.list,2023-11-15 07:19:49.369304
karaoke.urekamedia.com,AVAILABILITY,origin.list,2023-11-15 07:19:49.826033
quangcao.urekamedia.com,AVAILABILITY,origin.list,2023-11-15 07:19:50.356646
internal.revcontent.com,AVAILABILITY,origin.list,2023-11-15 07:19:50.886576
www.speakol.com,AVAILABILITY,origin.list,2023-11-15 07:19:51.710097
bwlkup.alphonso.tv,AVAILABILITY,origin.list,2023-11-15 07:19:51.804002
publishers.revcontent.com,AVAILABILITY,origin.list,2023-11-15 07:19:52.426082
count.advinci.net,AVAILABILITY,origin.list,2023-11-15 07:19:53.204243
banner.orb.net,AVAILABILITY,origin.list,2023-11-15 07:19:53.871822
enlarget.com,AVAILABILITY,origin.list,2023-11-15 07:19:54.665379
analytics.diamondstarfinancial.com.vn,AVAILABILITY,origin.list,2023-11-15 07:19:54.863873
aimaptair.club,AVAILABILITY,origin.list,2023-11-15 07:19:55.467795
api.sociaplus.com,AVAILABILITY,origin.list,2023-11-15 07:19:56.113944
aixq-ps-sdk.appier.xyz,AVAILABILITY,origin.list,2023-11-15 07:19:56.960695
clk.rtpdn15.com,AVAILABILITY,origin.list,2023-11-15 07:19:57.375674
felix.data.tm-awx.com,AVAILABILITY,origin.list,2023-11-15 07:19:57.597711
tikivn.api.sociaplus.com,AVAILABILITY,origin.list,2023-11-15 07:19:57.913636
www.imonomy.com,AVAILABILITY,origin.list,2023-11-15 07:19:58.048499
px.srvcs.tumblr.com,AVAILABILITY,origin.list,2023-11-15 07:19:58.085378
static.api.sociaplus.com,AVAILABILITY,origin.list,2023-11-15 07:19:58.620095
transfer.urekamedia.com,AVAILABILITY,origin.list,2023-11-15 07:19:58.715498
image.sociaplus.com,AVAILABILITY,origin.list,2023-11-15 07:19:59.211653
aixq-streamlit.appier.xyz,AVAILABILITY,origin.list,2023-11-15 07:19:59.259118
beeashale.club,AVAILABILITY,origin.list,2023-11-15 07:19:59.381374
hit.api.sociaplus.com,AVAILABILITY,origin.list,2023-11-15 07:19:59.869341
clarus-che.com,AVAILABILITY,origin.list,2023-11-15 07:19:59.990144
zaloramy.api.sociaplus.com,AVAILABILITY,origin.list,2023-11-15 07:20:00.009543
measure.office.com,AVAILABILITY,origin.list,2023-11-15 07:20:00.607446
pansidlike.net,AVAILABILITY,origin.list,2023-11-15 07:20:00.803828
spewyelks.com,AVAILABILITY,origin.list,2023-11-15 07:20:00.841459
affiliate.mogs.com,AVAILABILITY,origin.list,2023-11-15 07:20:01.004852
zalorasg.api.sociaplus.com,AVAILABILITY,origin.list,2023-11-15 07:20:01.104402
nagaaspirin.com,AVAILABILITY,origin.list,2023-11-15 07:20:01.455894
ad2.gammae.com,AVAILABILITY,origin.list,2023-11-15 07:20:01.662632
mobileiconnect.com,AVAILABILITY,origin.list,2023-11-15 07:20:02.193883
aj2522.bid,AVAILABILITY,origin.list,2023-11-15 07:20:02.241142
aj2518.bid,AVAILABILITY,origin.list,2023-11-15 07:20:02.313477
img.sociaplus.com,AVAILABILITY,origin.list,2023-11-15 07:20:02.337883
panel.sociaplus.com,AVAILABILITY,origin.list,2023-11-15 07:20:02.886650
iybmgdynmgsrg.com,AVAILABILITY,origin.list,2023-11-15 07:20:03.092276
aj2521.bid,AVAILABILITY,origin.list,2023-11-15 07:20:03.221755
easydownloadnow.com,AVAILABILITY,origin.list,2023-11-15 07:20:03.669384
ad.atdmt.com,AVAILABILITY,origin.list,2023-11-15 07:20:04.095081
inheritedfinnishdysfunctional.com,AVAILABILITY,origin.list,2023-11-15 07:20:04.097432
debadu.com,AVAILABILITY,origin.list,2023-11-15 07:20:04.293633
aj2513.bid,AVAILABILITY,origin.list,2023-11-15 07:20:04.731326
www.vidcpm.com,AVAILABILITY,origin.list,2023-11-15 07:20:04.892860
chris-gcp.logrocket.io,AVAILABILITY,origin.list,2023-11-15 07:20:04.906494
adecn-w.atdmt.com,AVAILABILITY,origin.list,2023-11-15 07:20:05.277718
adshark.site,AVAILABILITY,origin.list,2023-11-15 07:20:05.732254
nnlczheczlq.com,AVAILABILITY,origin.list,2023-11-15 07:20:05.944954
www.sporttv.today,AVAILABILITY,origin.list,2023-11-15 07:20:06.187415
aj2514.bid,AVAILABILITY,origin.list,2023-11-15 07:20:06.429954
api.atdmt.com,AVAILABILITY,origin.list,2023-11-15 07:20:06.878538
jact.atdmt.com,AVAILABILITY,origin.list,2023-11-15 07:20:07.240625
www.videosprofitnetwork.com,AVAILABILITY,origin.list,2023-11-15 07:20:07.331860
us-east-1.telemetry.insights.video.a2z.com,AVAILABILITY,origin.list,2023-11-15 07:20:07.555333
www.varietyofdisplayformats.com,AVAILABILITY,origin.list,2023-11-15 07:20:07.689276
analytics.atdmt.com,AVAILABILITY,origin.list,2023-11-15 07:20:08.123461
ec.atdmt.com,AVAILABILITY,origin.list,2023-11-15 07:20:08.183653
db3aqu.atdmt.com,AVAILABILITY,origin.list,2023-11-15 07:20:08.297114
sact.atdmt.com,AVAILABILITY,origin.list,2023-11-15 07:20:08.716174
h.parrable.com,AVAILABILITY,origin.list,2023-11-15 07:20:08.757515
au.w.inmobi.com,AVAILABILITY,origin.list,2023-11-15 07:20:08.777322
click.atdmt.com,AVAILABILITY,origin.list,2023-11-15 07:20:09.018987
imggprx.mgid.com,AVAILABILITY,origin.list,2023-11-15 07:20:09.382730
h.atdmt.com,AVAILABILITY,origin.list,2023-11-15 07:20:09.553106
nebula.im-apps.net,AVAILABILITY,origin.list,2023-11-15 07:20:09.851514
ae.pubmatic.com,AVAILABILITY,origin.list,2023-11-15 07:20:09.890285
www.lifestreetmedia.com,AVAILABILITY,origin.list,2023-11-15 07:20:10.226700
cdn-alt.popcash.net,AVAILABILITY,origin.list,2023-11-15 07:20:10.526212
view.atdmt.com,AVAILABILITY,origin.list,2023-11-15 07:20:10.694378
cx.atdmt.com,AVAILABILITY,origin.list,2023-11-15 07:20:10.939064
secure.postrelease.com,AVAILABILITY,origin.list,2023-11-15 07:20:11.272927
tracking.ucreate.live,AVAILABILITY,origin.list,2023-11-15 07:20:11.985531
www.lifestreet.com,AVAILABILITY,origin.list,2023-11-15 07:20:12.374682
hb.pubmatic.com,AVAILABILITY,origin.list,2023-11-15 07:20:12.446568
c1.atdmt.com,AVAILABILITY,origin.list,2023-11-15 07:20:12.955431
img.atdmt.com,AVAILABILITY,origin.list,2023-11-15 07:20:13.648632
aidps.atdmt.com,AVAILABILITY,origin.list,2023-11-15 07:20:14.402290
www.tkickhhylnvm.com,AVAILABILITY,origin.list,2023-11-15 07:20:15.587346
clk.atdmt.com,AVAILABILITY,origin.list,2023-11-15 07:20:16.374142
cdn.atdmt.com,AVAILABILITY,origin.list,2023-11-15 07:20:16.573054
api.parrable.com,AVAILABILITY,origin.list,2023-11-15 07:20:16.700178
www.eo62cocntx.com,AVAILABILITY,origin.list,2023-11-15 07:20:16.898601
certify-js.alexametrics.com,AVAILABILITY,origin.list,2023-11-15 07:20:17.022462
image.atdmt.com,AVAILABILITY,origin.list,2023-11-15 07:20:17.272057
g.atdmt.com,AVAILABILITY,origin.list,2023-11-15 07:20:17.494703
iact.atdmt.com,AVAILABILITY,origin.list,2023-11-15 07:20:17.500966
www.exponential.com,AVAILABILITY,origin.list,2023-11-15 07:20:17.539888
www.atdmt.com,AVAILABILITY,origin.list,2023-11-15 07:20:17.757753
c.atdmt.com,AVAILABILITY,origin.list,2023-11-15 07:20:17.967995
certify-amp.alexametrics.com,AVAILABILITY,origin.list,2023-11-15 07:20:18.121821
srch.atdmt.com,AVAILABILITY,origin.list,2023-11-15 07:20:18.393517
cs.atdmt.com,AVAILABILITY,origin.list,2023-11-15 07:20:18.477187
switch.atdmt.com,AVAILABILITY,origin.list,2023-11-15 07:20:18.502466
gads.pubmatic.com,AVAILABILITY,origin.list,2023-11-15 07:20:18.645706
dsp-tracking.unityads.unity3d.com,AVAILABILITY,origin.list,2023-11-15 07:20:18.723349
pixel.alexametrics.com,AVAILABILITY,origin.list,2023-11-15 07:20:19.445146
vz-cdn.trafficjunky.net,AVAILABILITY,origin.list,2023-11-15 07:20:19.476586
tip.atdmt.com,AVAILABILITY,origin.list,2023-11-15 07:20:19.604211
ads.mobclix.com,AVAILABILITY,origin.list,2023-11-15 07:20:20.042742
certify.alexametrics.com,AVAILABILITY,origin.list,2023-11-15 07:20:20.154933
js.alexametrics.com,AVAILABILITY,origin.list,2023-11-15 07:20:20.247542
ssp.gemini.yahoo.com,AVAILABILITY,origin.list,2023-11-15 07:20:20.803031
visit.webhosting.yahoo.com,AVAILABILITY,origin.list,2023-11-15 07:20:21.364067
c.deployads.com,AVAILABILITY,origin.list,2023-11-15 07:20:21.441925
www.sharethis.com,AVAILABILITY,origin.list,2023-11-15 07:20:21.545145
u.cdnwidget.com,AVAILABILITY,origin.list,2023-11-15 07:20:22.196225
ads.egrana.com.br,AVAILABILITY,origin.list,2023-11-15 07:20:22.251754
www.trackjs.com,AVAILABILITY,origin.list,2023-11-15 07:20:22.349272
ext1-api.engageya.com,AVAILABILITY,origin.list,2023-11-15 07:20:22.754086
ht.indexww.com,AVAILABILITY,origin.list,2023-11-15 07:20:22.856233
d31qbv1cthcecs.cloudfront.net,AVAILABILITY,origin.list,2023-11-15 07:20:23.033981
hwstats.unity3d.com,AVAILABILITY,origin.list,2023-11-15 07:20:23.699197
fastlane-adv.rubiconproject.com,AVAILABILITY,origin.list,2023-11-15 07:20:24.250558
certify-stage.alexametrics.com,AVAILABILITY,origin.list,2023-11-15 07:20:24.367278
go.tapjoy.com,AVAILABILITY,origin.list,2023-11-15 07:20:24.438369
tracker-adserver.ibillboard.com,AVAILABILITY,origin.list,2023-11-15 07:20:25.950988
logger.adthor.com,AVAILABILITY,origin.list,2023-11-15 07:20:26.497492
image.adthor.com,AVAILABILITY,origin.list,2023-11-15 07:20:26.558051
staging-ar.voicefive.com,AVAILABILITY,origin.list,2023-11-15 07:20:26.641627
api.nixozz.com,AVAILABILITY,origin.list,2023-11-15 07:20:27.153124
adthor.com,AVAILABILITY,origin.list,2023-11-15 07:20:27.405513
inapp.nixozz.com,AVAILABILITY,origin.list,2023-11-15 07:20:27.876482
bbcdn-static-adserver.ibillboard.com,AVAILABILITY,origin.list,2023-11-15 07:20:28.064938
stats.unity3d.com,AVAILABILITY,origin.list,2023-11-15 07:20:28.070834
video-adserver.ibillboard.com,AVAILABILITY,origin.list,2023-11-15 07:20:28.189924
mrp.rubiconproject.com,AVAILABILITY,origin.list,2023-11-15 07:20:28.774095
configs.nixozz.com,AVAILABILITY,origin.list,2023-11-15 07:20:28.862215
log.avlyun.sec.intl.miui.com,AVAILABILITY,origin.list,2023-11-15 07:20:29.111860
clientui-adserver.ibillboard.com,AVAILABILITY,origin.list,2023-11-15 07:20:29.159564
api.adthor.com,AVAILABILITY,origin.list,2023-11-15 07:20:29.381277
www.pubmatic.com,AVAILABILITY,origin.list,2023-11-15 07:20:29.390232
profile.nixozz.com,AVAILABILITY,origin.list,2023-11-15 07:20:29.836667
www.deployads.com,AVAILABILITY,origin.list,2023-11-15 07:20:29.946519
xlmc.sec.miui.com,AVAILABILITY,origin.list,2023-11-15 07:20:30.102036
campaigns.clevertap.com,AVAILABILITY,origin.list,2023-11-15 07:20:30.662621
pub-sdk-cfg.criteo.com,AVAILABILITY,origin.list,2023-11-15 07:20:30.734121
www.taplytics.com,AVAILABILITY,origin.list,2023-11-15 07:20:30.782871
sa.api.intl.miui.com,AVAILABILITY,origin.list,2023-11-15 07:20:30.807904
ads.thanhnien.vn,AVAILABILITY,origin.list,2023-11-15 07:20:30.833463
www.a-ads.com,AVAILABILITY,origin.list,2023-11-15 07:20:37.069694
static.adthor.com,AVAILABILITY,origin.list,2023-11-15 07:20:41.469660
sgp.o2o.api.xiaomi.com,AVAILABILITY,origin.list,2023-11-15 07:20:41.859798
script-staging.hotjar.com,AVAILABILITY,origin.list,2023-11-15 07:20:42.047778
tsrid.cxense.com,AVAILABILITY,origin.list,2023-11-15 07:20:42.410654
images.mxpnl.com,AVAILABILITY,origin.list,2023-11-15 07:20:42.499251
www.galaksion.com,AVAILABILITY,origin.list,2023-11-15 07:20:42.680921
www.clevertap.com,AVAILABILITY,origin.list,2023-11-15 07:20:42.794324
auth.nixozz.com,AVAILABILITY,origin.list,2023-11-15 07:20:42.954991
balance.nixozz.com,AVAILABILITY,origin.list,2023-11-15 07:20:43.506381
aimg.media.net,AVAILABILITY,origin.list,2023-11-15 07:20:43.829307
www.mixpanel.com,AVAILABILITY,origin.list,2023-11-15 07:20:43.844446
ebs.criteo.com,AVAILABILITY,origin.list,2023-11-15 07:20:43.877943
nixozz.com,AVAILABILITY,origin.list,2023-11-15 07:20:44.135810
www.revcontent.com,AVAILABILITY,origin.list,2023-11-15 07:20:44.242922
stage.ad-stir.com,AVAILABILITY,origin.list,2023-11-15 07:20:44.561176
v.adthor.com,AVAILABILITY,origin.list,2023-11-15 07:20:44.602847
seg.ayads.co,AVAILABILITY,origin.list,2023-11-15 07:20:44.685008
res.ayads.co,AVAILABILITY,origin.list,2023-11-15 07:20:45.176176
event-collector.ayads.co,AVAILABILITY,origin.list,2023-11-15 07:20:45.240295
www.chartbeat.com,AVAILABILITY,origin.list,2023-11-15 07:20:45.510601
static-staging.hotjar.com,AVAILABILITY,origin.list,2023-11-15 07:20:45.819862
portal.batmobi.net,AVAILABILITY,origin.list,2023-11-15 07:20:45.862933
rtb.ad-stir.com,AVAILABILITY,origin.list,2023-11-15 07:20:46.141119
seg2.ayads.co,AVAILABILITY,origin.list,2023-11-15 07:20:46.317782
stats.dev.zaloapp.com,AVAILABILITY,origin.list,2023-11-15 07:20:46.451272
vars-staging.hotjar.com,AVAILABILITY,origin.list,2023-11-15 07:20:46.675287
marketing-api.upsight.com,AVAILABILITY,origin.list,2023-11-15 07:20:46.907670
origin-marketing.upsight.com,AVAILABILITY,origin.list,2023-11-15 07:20:46.978412
www.upsight.com,AVAILABILITY,origin.list,2023-11-15 07:20:47.491418
api-v3.mobfox.com,AVAILABILITY,origin.list,2023-11-15 07:20:48.080099
www.analytics.yahoo.com,AVAILABILITY,origin.list,2023-11-15 07:20:48.416456
www.batch.com,AVAILABILITY,origin.list,2023-11-15 07:20:49.256479
info.bizible.com,AVAILABILITY,origin.list,2023-11-15 07:20:49.318357
vc-staging.hotjar.io,AVAILABILITY,origin.list,2023-11-15 07:20:49.836926
ss.servedby-buysellads.com,AVAILABILITY,origin.list,2023-11-15 07:20:49.985570
apac-hk-adops.aralego.com,AVAILABILITY,origin.list,2023-11-15 07:20:50.447842
static.servedby-buysellads.com,AVAILABILITY,origin.list,2023-11-15 07:20:50.849992
pix-hkg.mathtag.com,AVAILABILITY,origin.list,2023-11-15 07:20:50.908331
www.rubiconproject.com,AVAILABILITY,origin.list,2023-11-15 07:20:51.419780
surveys-staging.hotjar.com,AVAILABILITY,origin.list,2023-11-15 07:20:51.457372
s.servedby-buysellads.com,AVAILABILITY,origin.list,2023-11-15 07:20:51.796021
nexus.upsight.com,AVAILABILITY,origin.list,2023-11-15 07:20:52.018472
assets.servedby-buysellads.com,AVAILABILITY,origin.list,2023-11-15 07:20:52.208341
api-internal-us-east-1.mathtag.com,AVAILABILITY,origin.list,2023-11-15 07:20:52.499937
www.getclicky.com,AVAILABILITY,origin.list,2023-11-15 07:20:52.593490
static.upsight.com,AVAILABILITY,origin.list,2023-11-15 07:20:52.966896
rt-pixel.mathtag.com,AVAILABILITY,origin.list,2023-11-15 07:20:53.134934
www.bounceexchange.com,AVAILABILITY,origin.list,2023-11-15 07:20:53.304494
imgproxy.upsight.com,AVAILABILITY,origin.list,2023-11-15 07:20:53.500871
www.admarketplace.net,AVAILABILITY,origin.list,2023-11-15 07:20:53.593594
o1.sendgrid.upsight.com,AVAILABILITY,origin.list,2023-11-15 07:20:54.147695
assets.buysellads.com,AVAILABILITY,origin.list,2023-11-15 07:20:58.413577
assets.prebid.org,AVAILABILITY,origin.list,2023-11-15 07:20:58.822682
b.logrocket.com,AVAILABILITY,origin.list,2023-11-15 07:20:58.958465
apac-hk-dsp.aralego.com,AVAILABILITY,origin.list,2023-11-15 07:20:59.125527
click.union.ucweb.com,AVAILABILITY,origin.list,2023-11-15 07:20:59.765654
www.sonobi.com,AVAILABILITY,origin.list,2023-11-15 07:20:59.768716
www.vungle.com,AVAILABILITY,origin.list,2023-11-15 07:21:00.827955
www.leanplum.com,AVAILABILITY,origin.list,2023-11-15 07:21:00.844391
gcd.mmstat.com,AVAILABILITY,origin.list,2023-11-15 07:21:00.866473
sdk.a4.tl,AVAILABILITY,origin.list,2023-11-15 07:21:01.247292
www.teads.tv,AVAILABILITY,origin.list,2023-11-15 07:21:02.185532
attr.union.ucweb.com,AVAILABILITY,origin.list,2023-11-15 07:21:05.930272
api.inmobi.cn,AVAILABILITY,origin.list,2023-11-15 07:21:06.092491
rest.content.ad,AVAILABILITY,origin.list,2023-11-15 07:21:06.121440
media.content.ad,AVAILABILITY,origin.list,2023-11-15 07:21:06.310377
apac-hk-ad-track.aralego.com,AVAILABILITY,origin.list,2023-11-15 07:21:06.810568
partners.content.ad,AVAILABILITY,origin.list,2023-11-15 07:21:09.403816
www.mobzeg.com,AVAILABILITY,origin.list,2023-11-15 07:21:09.509361
b94.yahoo.co.jp,AVAILABILITY,origin.list,2023-11-15 07:21:09.537303
pix.hk.as.criteo.net,AVAILABILITY,origin.list,2023-11-15 07:21:09.819952
app.content.ad,AVAILABILITY,origin.list,2023-11-15 07:21:09.827384
lb.ns1p.net,AVAILABILITY,origin.list,2023-11-15 07:21:10.090094
pix-nrt.mathtag.com,AVAILABILITY,origin.list,2023-11-15 07:21:11.272017
s.kau.li,AVAILABILITY,origin.list,2023-11-15 07:21:12.925698
www.prebid.org,AVAILABILITY,origin.list,2023-11-15 07:21:14.749693
analytics.kau.li,AVAILABILITY,origin.list,2023-11-15 07:21:14.882577
click.kau.li,AVAILABILITY,origin.list,2023-11-15 07:21:14.992665
js.kau.li,AVAILABILITY,origin.list,2023-11-15 07:21:15.088874
analysis.lax.mathtag.com,AVAILABILITY,origin.list,2023-11-15 07:21:15.285725
www.adsconex.com,AVAILABILITY,origin.list,2023-11-15 07:21:15.329621
pixel.kau.li,AVAILABILITY,origin.list,2023-11-15 07:21:17.689100
www.ad-brix.com,AVAILABILITY,origin.list,2023-11-15 07:21:17.772710
rtb.kau.li,AVAILABILITY,origin.list,2023-11-15 07:21:18.499786
y.kau.li,AVAILABILITY,origin.list,2023-11-15 07:21:18.845673
api.content.ad,AVAILABILITY,origin.list,2023-11-15 07:21:19.424513
ad.kau.li,AVAILABILITY,origin.list,2023-11-15 07:21:20.861311
stg-ads.servebom.com,AVAILABILITY,origin.list,2023-11-15 07:21:20.995756
vet-us-east-1.smaato.net,AVAILABILITY,origin.list,2023-11-15 07:21:21.009928
cdn-canary.siftscience.com,AVAILABILITY,origin.list,2023-11-15 07:21:22.187860
www.content.ad,AVAILABILITY,origin.list,2023-11-15 07:21:23.612988
www.smartadserver.com,AVAILABILITY,origin.list,2023-11-15 07:21:23.749223
clk.kau.li,AVAILABILITY,origin.list,2023-11-15 07:21:24.165160
pixel.logrocket.com,AVAILABILITY,origin.list,2023-11-15 07:21:24.168752
adx-tc.adform.net,AVAILABILITY,origin.list,2023-11-15 07:21:25.571034
media-ams5.msg.dotomi.com,AVAILABILITY,origin.list,2023-11-15 07:21:26.973251
ums.adtechus.com,AVAILABILITY,origin.list,2023-11-15 07:21:27.763067
gwsfo.smaato.net,AVAILABILITY,origin.list,2023-11-15 07:21:28.382397
smetrics.linkshare.com,AVAILABILITY,origin.list,2023-11-15 07:21:30.371918
aj1686.online,AVAILABILITY,origin.list,2023-11-15 07:21:31.191414
metrics.linkshare.com,AVAILABILITY,origin.list,2023-11-15 07:21:31.452285
www.servebom.com,AVAILABILITY,origin.list,2023-11-15 07:21:32.463556
aj1058.online,AVAILABILITY,origin.list,2023-11-15 07:21:32.470953
media-sj2.msg.dotomi.com,AVAILABILITY,origin.list,2023-11-15 07:21:32.761640
static.m12n.servebom.com,AVAILABILITY,origin.list,2023-11-15 07:21:34.586339
www.o333o.com,AVAILABILITY,origin.list,2023-11-15 07:21:35.670191
m.servebom.com,AVAILABILITY,origin.list,2023-11-15 07:21:35.671063
rome.specificclick.net,AVAILABILITY,origin.list,2023-11-15 07:21:36.665121
aj2141.online,AVAILABILITY,origin.list,2023-11-15 07:21:36.676964
aj2496.online,AVAILABILITY,origin.list,2023-11-15 07:21:37.559668
aj2504.online,AVAILABILITY,origin.list,2023-11-15 07:21:37.695639
aj2506.online,AVAILABILITY,origin.list,2023-11-15 07:21:37.704787
services.scanscout.com,AVAILABILITY,origin.list,2023-11-15 07:21:38.175994
cache.specificmedia.com,AVAILABILITY,origin.list,2023-11-15 07:21:38.322974
aj2347.online,AVAILABILITY,origin.list,2023-11-15 07:21:38.532151
aj2493.online,AVAILABILITY,origin.list,2023-11-15 07:21:38.792187
aj2511.online,AVAILABILITY,origin.list,2023-11-15 07:21:39.159083
aj2131.online,AVAILABILITY,origin.list,2023-11-15 07:21:40.950091
aj2500.online,AVAILABILITY,origin.list,2023-11-15 07:21:43.157770
www.advertising.com,AVAILABILITY,origin.list,2023-11-15 07:21:43.255250
lmsreport.systems.vn,AVAILABILITY,origin.list,2023-11-15 07:21:43.296803
www.myad.vn,AVAILABILITY,origin.list,2023-11-15 07:21:43.550168
multi2-wdc.youbora.com,AVAILABILITY,origin.list,2023-11-15 07:21:44.030661
aj1354.online,AVAILABILITY,origin.list,2023-11-15 07:21:44.115161
static.appcloudbox.net,AVAILABILITY,origin.list,2023-11-15 07:21:44.593290
aj2510.online,AVAILABILITY,origin.list,2023-11-15 07:21:44.959884
aj2497.online,AVAILABILITY,origin.list,2023-11-15 07:21:45.741651
multi1-wdc.youbora.com,AVAILABILITY,origin.list,2023-11-15 07:21:47.637925
aj2507.online,AVAILABILITY,origin.list,2023-11-15 07:21:49.732736
www.logrocket.com,AVAILABILITY,origin.list,2023-11-15 07:21:50.000113
aj2313.online,AVAILABILITY,origin.list,2023-11-15 07:21:50.828220
ads.pushplay.com,AVAILABILITY,origin.list,2023-11-15 07:21:51.940279
www.adsparc.net,AVAILABILITY,origin.list,2023-11-15 07:21:52.589451
aj2499.online,AVAILABILITY,origin.list,2023-11-15 07:21:53.053403
vi.gumgum.com,AVAILABILITY,origin.list,2023-11-15 07:21:53.133616
chat.simpleanalytics.io,AVAILABILITY,origin.list,2023-11-15 07:21:53.157591
creative-templates-api.gumgum.com,AVAILABILITY,origin.list,2023-11-15 07:21:53.605216
sip.outbrain.com,AVAILABILITY,origin.list,2023-11-15 07:21:54.448731
gif.simpleanalytics.io,AVAILABILITY,origin.list,2023-11-15 07:21:54.944617
www.adkernel.com,AVAILABILITY,origin.list,2023-11-15 07:21:55.493009
aj2502.online,AVAILABILITY,origin.list,2023-11-15 07:21:56.238338
track.im-apps.net,AVAILABILITY,origin.list,2023-11-15 07:21:56.338004
monitor.simpleanalytics.io,AVAILABILITY,origin.list,2023-11-15 07:21:56.375500
www.epom.com,AVAILABILITY,origin.list,2023-11-15 07:22:00.593877
query-eu-west-1.petametrics.com,AVAILABILITY,origin.list,2023-11-15 07:22:01.518867
cdn.im-apps.net,AVAILABILITY,origin.list,2023-11-15 07:22:02.627353
apac.sync.im-apps.net,AVAILABILITY,origin.list,2023-11-15 07:22:04.653489
d.im-apps.net,AVAILABILITY,origin.list,2023-11-15 07:22:04.660958
www.logrocket.io,AVAILABILITY,origin.list,2023-11-15 07:22:04.677737
www.adadvisor.net,AVAILABILITY,origin.list,2023-11-15 07:22:04.713368
www.adskeeper.co.uk,AVAILABILITY,origin.list,2023-11-15 07:22:10.039112
aj2508.online,AVAILABILITY,origin.list,2023-11-15 07:22:10.041872
query-europe-west1.petametrics.com,AVAILABILITY,origin.list,2023-11-15 07:22:10.124689
c.union.ucweb.com,AVAILABILITY,origin.list,2023-11-15 07:22:11.703176
www.ad-stir.com,AVAILABILITY,origin.list,2023-11-15 07:22:12.278512
www.adblade.com,AVAILABILITY,origin.list,2023-11-15 07:22:12.843056
ai-personalization-prod-static.demandbase.com,AVAILABILITY,origin.list,2023-11-15 07:22:14.395947
www.siftscience.com,AVAILABILITY,origin.list,2023-11-15 07:22:14.412732
search.spotxchange.com,AVAILABILITY,origin.list,2023-11-15 07:22:15.274140
www.adsparc.com,AVAILABILITY,origin.list,2023-11-15 07:22:16.017157
an.webvisor.org,AVAILABILITY,origin.list,2023-11-15 07:22:16.355063
www.ad.plus,AVAILABILITY,origin.list,2023-11-15 07:22:16.714384
www.gumgum.com,AVAILABILITY,origin.list,2023-11-15 07:22:16.859091
cdn2.aniview.com,AVAILABILITY,origin.list,2023-11-15 07:22:18.463209
www.simpli.fi,AVAILABILITY,origin.list,2023-11-15 07:22:18.480591
apptrack-dev.adsafety.net,AVAILABILITY,origin.list,2023-11-15 07:22:18.600558
report.adview.cn,AVAILABILITY,origin.list,2023-11-15 07:22:18.654329
hwdata1.aniview.com,AVAILABILITY,origin.list,2023-11-15 07:22:21.568167
hwdata2.aniview.com,AVAILABILITY,origin.list,2023-11-15 07:22:21.617876
live-beacons.spotxchange.com,AVAILABILITY,origin.list,2023-11-15 07:22:21.950678
live.spotxchange.com,AVAILABILITY,origin.list,2023-11-15 07:22:23.657210
shirahama.im-apps.net,AVAILABILITY,origin.list,2023-11-15 07:22:23.672525
tracking.yieldlove-ad-serving.net,AVAILABILITY,origin.list,2023-11-15 07:22:23.752232
www.parsely.com,AVAILABILITY,origin.list,2023-11-15 07:22:24.776095
www.outbrain.com,AVAILABILITY,origin.list,2023-11-15 07:22:25.547977
event.spotxchange.com,AVAILABILITY,origin.list,2023-11-15 07:22:26.001040
personalization.demandbase.com,AVAILABILITY,origin.list,2023-11-15 07:22:26.009615
sync.search.spotxchange.com,AVAILABILITY,origin.list,2023-11-15 07:22:26.382638
ad.daum.net,AVAILABILITY,origin.list,2023-11-15 07:22:26.908941
ivan.indoleads.com,AVAILABILITY,origin.list,2023-11-15 07:22:26.917669
www.gameanalytics.com,AVAILABILITY,origin.list,2023-11-15 07:22:29.536058
cdn.islandmob.com,AVAILABILITY,origin.list,2023-11-15 07:22:31.346244
recommendations.pubexchange.com,AVAILABILITY,origin.list,2023-11-15 07:22:34.624033
www.adxxx.info,AVAILABILITY,origin.list,2023-11-15 07:22:34.916578
vads-api.ad.daum.net,AVAILABILITY,origin.list,2023-11-15 07:22:34.963989
www.novaonx.com,AVAILABILITY,origin.list,2023-11-15 07:22:36.321385
www.trafficjunky.net,AVAILABILITY,origin.list,2023-11-15 07:22:37.210825
adserver.justpremium.com,AVAILABILITY,origin.list,2023-11-15 07:22:37.725682
d.justpremium.com,AVAILABILITY,origin.list,2023-11-15 07:22:37.811684
stag.pubexchange.com,AVAILABILITY,origin.list,2023-11-15 07:22:37.814338
e-eu-central-1.serverbid.com,AVAILABILITY,origin.list,2023-11-15 07:22:37.879356
dev.serverbid.com,AVAILABILITY,origin.list,2023-11-15 07:22:38.416460
rpc.adpopcorn.com,AVAILABILITY,origin.list,2023-11-15 07:22:39.903480
analytics2.ad.daum.net,AVAILABILITY,origin.list,2023-11-15 07:22:42.150292
www.heapanalytics.com,AVAILABILITY,origin.list,2023-11-15 07:22:42.261982
app.serverbid.com,AVAILABILITY,origin.list,2023-11-15 07:22:44.356716
www.adxcorp.kr,AVAILABILITY,origin.list,2023-11-15 07:22:44.545324
www.youbora.com,AVAILABILITY,origin.list,2023-11-15 07:22:44.616170
www.mahimeta.com,AVAILABILITY,origin.list,2023-11-15 07:22:44.623076
cdn.admarvel.com,AVAILABILITY,origin.list,2023-11-15 07:22:45.016828
www.adspruce.com,AVAILABILITY,origin.list,2023-11-15 07:22:46.991513
prcache.microadinc.com,AVAILABILITY,origin.list,2023-11-15 07:22:47.223819
www.segment.com,AVAILABILITY,origin.list,2023-11-15 07:22:47.491679
tessera.ad.daum.net,AVAILABILITY,origin.list,2023-11-15 07:22:47.526136
mobileoffers-bm-download.com,AVAILABILITY,origin.list,2023-11-15 07:22:47.993035
www.serverbid.com,AVAILABILITY,origin.list,2023-11-15 07:22:48.153746
mobileoffers-al-download.com,AVAILABILITY,origin.list,2023-11-15 07:22:48.194388
cts.ad.daum.net,AVAILABILITY,origin.list,2023-11-15 07:22:49.452853
cm.send.microadinc.com,AVAILABILITY,origin.list,2023-11-15 07:22:58.039215
js.mobileoffers-al-download.com,AVAILABILITY,origin.list,2023-11-15 07:22:58.112152
sspi-web-bidder.adpopcorn.com,AVAILABILITY,origin.list,2023-11-15 07:22:58.582107
mobileoffers-ab-download.com,AVAILABILITY,origin.list,2023-11-15 07:22:59.102223
npi.adpopcorn.com,AVAILABILITY,origin.list,2023-11-15 07:23:01.347816
www.nexage.com,AVAILABILITY,origin.list,2023-11-15 07:23:01.864560
landing.consumable.com,AVAILABILITY,origin.list,2023-11-15 07:23:02.399575
www.segment.io,AVAILABILITY,origin.list,2023-11-15 07:23:02.911771
keyword.ad.daum.net,AVAILABILITY,origin.list,2023-11-15 07:23:03.089591
hadsatz.com,AVAILABILITY,origin.list,2023-11-15 07:23:03.175630
www.betrad.com,AVAILABILITY,origin.list,2023-11-15 07:23:03.551275
fadspms.com,AVAILABILITY,origin.list,2023-11-15 07:23:03.658755
fadsoks.com,AVAILABILITY,origin.list,2023-11-15 07:23:03.815433
sspi-web-request.adpopcorn.com,AVAILABILITY,origin.list,2023-11-15 07:23:05.672178
www.effectivecreativeformat.com,AVAILABILITY,origin.list,2023-11-15 07:23:05.689033
dmx.districtm.io,AVAILABILITY,origin.list,2023-11-15 07:23:08.779934
welcome.consumable.com,AVAILABILITY,origin.list,2023-11-15 07:23:09.765532
www.iperceptions.com,AVAILABILITY,origin.list,2023-11-15 07:23:10.867799
dsp.send.microadinc.com,AVAILABILITY,origin.list,2023-11-15 07:23:11.084599
sspc.adpopcorn.com,AVAILABILITY,origin.list,2023-11-15 07:23:13.057513
audit.triplelift.com,AVAILABILITY,origin.list,2023-11-15 07:23:13.154867
stmp.ad.daum.net,AVAILABILITY,origin.list,2023-11-15 07:23:13.550820
api.screenshot.triplelift.com,AVAILABILITY,origin.list,2023-11-15 07:23:15.236326
syndication.exrtbsrv.com,AVAILABILITY,origin.list,2023-11-15 07:23:15.239733
go.exrtbsrv.com,AVAILABILITY,origin.list,2023-11-15 07:23:15.870761
hadsipz.com,AVAILABILITY,origin.list,2023-11-15 07:23:16.571972
prebid.publift.com,AVAILABILITY,origin.list,2023-11-15 07:23:17.574386
ka.display.ad.daum.net,AVAILABILITY,origin.list,2023-11-15 07:23:18.548787
www.aniview.com,AVAILABILITY,origin.list,2023-11-15 07:23:18.864139
www.islandmob.com,AVAILABILITY,origin.list,2023-11-15 07:23:19.738510
wp-static.publift.com,AVAILABILITY,origin.list,2023-11-15 07:23:19.921642
preview.ad.daum.net,AVAILABILITY,origin.list,2023-11-15 07:23:20.188980
www.adtechus.com,AVAILABILITY,origin.list,2023-11-15 07:23:20.238466
a.connatix.com,AVAILABILITY,origin.list,2023-11-15 07:23:21.823885
showroom2.publift.com,AVAILABILITY,origin.list,2023-11-15 07:23:21.868150
tools.publift.com,AVAILABILITY,origin.list,2023-11-15 07:23:23.161076
cts.keyword.ad.daum.net,AVAILABILITY,origin.list,2023-11-15 07:23:25.921975
admin1.firstimpression.io,AVAILABILITY,origin.list,2023-11-15 07:23:25.933967
www.adsafety.net,AVAILABILITY,origin.list,2023-11-15 07:23:27.726297
st.display.ad.daum.net,AVAILABILITY,origin.list,2023-11-15 07:23:28.102620
hb.publift.com,AVAILABILITY,origin.list,2023-11-15 07:23:28.330983
www.adtarget.me,AVAILABILITY,origin.list,2023-11-15 07:23:30.305959
kb.display.ad.daum.net,AVAILABILITY,origin.list,2023-11-15 07:23:31.198825
www.trafficstars.com,AVAILABILITY,origin.list,2023-11-15 07:23:31.256001
stats-cluster.mediaforge.com,AVAILABILITY,origin.list,2023-11-15 07:23:33.408508
faktorid-fid.choice.faktor.io,AVAILABILITY,origin.list,2023-11-15 07:23:33.643747
px-eu.adhigh.net,AVAILABILITY,origin.list,2023-11-15 07:23:33.658933
www.indoleads.com,AVAILABILITY,origin.list,2023-11-15 07:23:33.875160
cdn.connatix.com,AVAILABILITY,origin.list,2023-11-15 07:23:33.965163
registry.connatix.com,AVAILABILITY,origin.list,2023-11-15 07:23:35.473488
www.advertica.ae,AVAILABILITY,origin.list,2023-11-15 07:23:35.961543
geo.choice.faktor.io,AVAILABILITY,origin.list,2023-11-15 07:23:36.516698
track.vdo.ai,AVAILABILITY,origin.list,2023-11-15 07:23:36.518001
l.connatix.com,AVAILABILITY,origin.list,2023-11-15 07:23:36.623528
npm.publift.com,AVAILABILITY,origin.list,2023-11-15 07:23:38.525737
minio.connatix.com,AVAILABILITY,origin.list,2023-11-15 07:23:38.538273
duuzseb2b7-jp.cheqzone.com,AVAILABILITY,origin.list,2023-11-15 07:23:38.567470
faktornet.faktor.io,AVAILABILITY,origin.list,2023-11-15 07:23:38.764581
capi.bidtellect.com,AVAILABILITY,origin.list,2023-11-15 07:23:39.397954
upload.connatix.com,AVAILABILITY,origin.list,2023-11-15 07:23:40.712690
intranet.faktor.io,AVAILABILITY,origin.list,2023-11-15 07:23:41.720473
m.faktor.io,AVAILABILITY,origin.list,2023-11-15 07:23:41.816262
gitlab.connatix.com,AVAILABILITY,origin.list,2023-11-15 07:23:41.848890
hub.automatad.com,AVAILABILITY,origin.list,2023-11-15 07:23:41.945749
logos.choice.faktor.io,AVAILABILITY,origin.list,2023-11-15 07:23:54.471629
www.vads.net.vn,AVAILABILITY,origin.list,2023-11-15 07:23:54.880034
cdns.connatix.com,AVAILABILITY,origin.list,2023-11-15 07:23:56.571978
pbc.automatad.com,AVAILABILITY,origin.list,2023-11-15 07:23:57.654215
s2.mellowads.com,AVAILABILITY,origin.list,2023-11-15 07:23:57.689655
alea.adam.ad.daum.net,AVAILABILITY,origin.list,2023-11-15 07:23:59.803575
c.uttclimber.com,AVAILABILITY,origin.list,2023-11-15 07:24:00.909955
ads.contentabc.com,AVAILABILITY,origin.list,2023-11-15 07:24:00.920749
tracking2.firstimpression.io,AVAILABILITY,origin.list,2023-11-15 07:24:02.015311
brandsafe.adlooxtracking.com,AVAILABILITY,origin.list,2023-11-15 07:24:02.034661
vn.adsloads.com,AVAILABILITY,origin.list,2023-11-15 07:24:02.230676
ad.adsloads.com,AVAILABILITY,origin.list,2023-11-15 07:24:02.691200
uttclimber.com,AVAILABILITY,origin.list,2023-11-15 07:24:02.847832
kraken.production.us-east-1.kops.kargo.com,AVAILABILITY,origin.list,2023-11-15 07:24:03.048461
prebid.fqtag.com,AVAILABILITY,origin.list,2023-11-15 07:24:03.653923
us.adsloads.com,AVAILABILITY,origin.list,2023-11-15 07:24:04.214853
geo-us.snigelweb.com,AVAILABILITY,origin.list,2023-11-15 07:24:04.710982
in.adsloads.com,AVAILABILITY,origin.list,2023-11-15 07:24:05.230876
www.152media.com,AVAILABILITY,origin.list,2023-11-15 07:24:05.571707
www.simpleanalytics.io,AVAILABILITY,origin.list,2023-11-15 07:24:05.870394
adsloads.com,AVAILABILITY,origin.list,2023-11-15 07:24:05.885315
www.yllix.com,AVAILABILITY,origin.list,2023-11-15 07:24:05.921585
pbs01.automatad.com,AVAILABILITY,origin.list,2023-11-15 07:24:06.327130
s404-1.vi-serve.com,AVAILABILITY,origin.list,2023-11-15 07:24:08.648501
m.uttclimber.com,AVAILABILITY,origin.list,2023-11-15 07:24:09.182212
www.instant.page,AVAILABILITY,origin.list,2023-11-15 07:24:09.487326
api.eskimi.com,AVAILABILITY,origin.list,2023-11-15 07:24:09.522222
www.smrtb.com,AVAILABILITY,origin.list,2023-11-15 07:24:09.966808
adserv.c.appier.net,AVAILABILITY,origin.list,2023-11-15 07:24:10.569470
s.axonix.com,AVAILABILITY,origin.list,2023-11-15 07:24:10.585337
www.consumable.com,AVAILABILITY,origin.list,2023-11-15 07:24:11.705708
pb.vi-serve.com,AVAILABILITY,origin.list,2023-11-15 07:24:11.734029
dync2.c.appier.net,AVAILABILITY,origin.list,2023-11-15 07:24:11.787373
www.snigelweb.com,AVAILABILITY,origin.list,2023-11-15 07:24:11.788708
geo-eu.snigelweb.com,AVAILABILITY,origin.list,2023-11-15 07:24:12.280382
pb0.vi-serve.com,AVAILABILITY,origin.list,2023-11-15 07:24:12.746901
www.eyeota.net,AVAILABILITY,origin.list,2023-11-15 07:24:12.917518
rtb2.automatad.com,AVAILABILITY,origin.list,2023-11-15 07:24:13.355839
clk.apxadtracking.net,AVAILABILITY,origin.list,2023-11-15 07:24:13.541896
stats.vliplatform.com,AVAILABILITY,origin.list,2023-11-15 07:24:14.100042
lgs.vliplatform.com,AVAILABILITY,origin.list,2023-11-15 07:24:14.964338
client2.otm-r.com,AVAILABILITY,origin.list,2023-11-15 07:24:14.994207
www.analysis.fi,AVAILABILITY,origin.list,2023-11-15 07:24:15.832470
vad.appier.net,AVAILABILITY,origin.list,2023-11-15 07:24:15.986807
www.adthrive.com,AVAILABILITY,origin.list,2023-11-15 07:24:16.027616
ads.heytapmobile.com,AVAILABILITY,origin.list,2023-11-15 07:24:16.124272
www.bitmedianetwork.com,AVAILABILITY,origin.list,2023-11-15 07:24:17.069861
trk.eskimi.com,AVAILABILITY,origin.list,2023-11-15 07:24:17.085593
api.traq.li,AVAILABILITY,origin.list,2023-11-15 07:24:20.293287
www.loopme.me,AVAILABILITY,origin.list,2023-11-15 07:24:20.298192
www.jads.co,AVAILABILITY,origin.list,2023-11-15 07:24:22.358274
www.turn.com,AVAILABILITY,origin.list,2023-11-15 07:24:22.418135
www.advangelists.com,AVAILABILITY,origin.list,2023-11-15 07:24:23.057558
www.crazyegg.com,AVAILABILITY,origin.list,2023-11-15 07:24:23.517136
www.ad.style,AVAILABILITY,origin.list,2023-11-15 07:24:24.410584
www.clarity.ms,AVAILABILITY,origin.list,2023-11-15 07:24:24.550814
www.adspeed.net,AVAILABILITY,origin.list,2023-11-15 07:24:24.604021
www.bidtellect.com,AVAILABILITY,origin.list,2023-11-15 07:24:24.625245
a.mouseflow.com,AVAILABILITY,origin.list,2023-11-15 07:24:25.664113
www.bitmedia.io,AVAILABILITY,origin.list,2023-11-15 07:24:25.993734
www.adup-tech.com,AVAILABILITY,origin.list,2023-11-15 07:24:26.087550
www.proper.io,AVAILABILITY,origin.list,2023-11-15 07:24:26.263489
pix.adxpremium.services,AVAILABILITY,origin.list,2023-11-15 07:24:27.449716
www.yadro.ru,AVAILABILITY,origin.list,2023-11-15 07:24:27.912051
www.adbrix.io,AVAILABILITY,origin.list,2023-11-15 07:24:28.590839
veta.naver.com,AVAILABILITY,origin.list,2023-11-15 07:24:28.970486
ads.oppomobile.com,AVAILABILITY,origin.list,2023-11-15 07:24:29.581651
read.your-notice.com,AVAILABILITY,origin.list,2023-11-15 07:24:31.572825
www.your-notice.com,AVAILABILITY,origin.list,2023-11-15 07:24:31.978429
www.otm-r.com,AVAILABILITY,origin.list,2023-11-15 07:24:33.487344
www.ad4game.com,AVAILABILITY,origin.list,2023-11-15 07:24:33.893925
www.bannersnack.com,AVAILABILITY,origin.list,2023-11-15 07:24:34.958087
www.artsai.com,AVAILABILITY,origin.list,2023-11-15 07:24:35.854807
s1.mellowads.com,AVAILABILITY,origin.list,2023-11-15 07:24:36.635099
ad.naver.com,AVAILABILITY,origin.list,2023-11-15 07:24:36.722922
www.purpleads.io,AVAILABILITY,origin.list,2023-11-15 07:24:36.995142
tracking.mellowads.com,AVAILABILITY,origin.list,2023-11-15 07:24:37.013306
s3.mellowads.com,AVAILABILITY,origin.list,2023-11-15 07:24:38.285398
www.trackonomics.net,AVAILABILITY,origin.list,2023-11-15 07:24:38.531063
www.gameads.io,AVAILABILITY,origin.list,2023-11-15 07:24:38.840312
www.adpone.com,AVAILABILITY,origin.list,2023-11-15 07:24:38.970800
www.trustx.org,AVAILABILITY,origin.list,2023-11-15 07:24:40.319752
action-rtb.ibillboard.com,AVAILABILITY,origin.list,2023-11-15 07:24:40.484206
www.mouseflow.com,AVAILABILITY,origin.list,2023-11-15 07:24:40.983367
www.showheroes.com,AVAILABILITY,origin.list,2023-11-15 07:24:41.076036
adlog.shopping.naver.com,AVAILABILITY,origin.list,2023-11-15 07:24:42.770418
www.fatchilli.media,AVAILABILITY,origin.list,2023-11-15 07:24:43.307221
www.triplelift.com,AVAILABILITY,origin.list,2023-11-15 07:24:43.679240
sync.fivecdm.com,AVAILABILITY,origin.list,2023-11-15 07:24:44.404500
www.keywee.co,AVAILABILITY,origin.list,2023-11-15 07:24:45.578981
www.gaug.es,AVAILABILITY,origin.list,2023-11-15 07:24:47.324197
www.traq.li,AVAILABILITY,origin.list,2023-11-15 07:24:47.836707
ads.realmemobile.com,AVAILABILITY,origin.list,2023-11-15 07:24:48.945003
www.apxadtracking.net,AVAILABILITY,origin.list,2023-11-15 07:24:49.785836
rtb-mobfox.tenmax.io,AVAILABILITY,origin.list,2023-11-15 07:24:49.805596
banners.mellowads.com,AVAILABILITY,origin.list,2023-11-15 07:24:51.318134
bc.mobisage.cn,AVAILABILITY,origin.list,2023-11-15 07:24:51.864705
dsp-video-cdn.tenmax.io,AVAILABILITY,origin.list,2023-11-15 07:24:54.055945
real-native.tenmax.io,AVAILABILITY,origin.list,2023-11-15 07:24:54.142811
www.automatad.com,AVAILABILITY,origin.list,2023-11-15 07:24:54.379614
www.accesstrade.net,AVAILABILITY,origin.list,2023-11-15 07:24:55.379597
config.mobisage.cn,AVAILABILITY,origin.list,2023-11-15 07:24:56.063492
www.smac-ad.com,AVAILABILITY,origin.list,2023-11-15 07:24:56.936727
pbx-ams1.corp.appnexus.com,AVAILABILITY,origin.list,2023-11-15 07:24:57.995869
r.tenmax.io,AVAILABILITY,origin.list,2023-11-15 07:25:01.468578
www.relap.io,AVAILABILITY,origin.list,2023-11-15 07:25:01.650252
pushrev.content-ad.net,AVAILABILITY,origin.list,2023-11-15 07:25:07.119069
www.adtima.vn,AVAILABILITY,origin.list,2023-11-15 07:25:08.017970
www.convertful.com,AVAILABILITY,origin.list,2023-11-15 07:25:08.459809
banner.content-ad.net,AVAILABILITY,origin.list,2023-11-15 07:25:08.951926
www.mellowads.com,AVAILABILITY,origin.list,2023-11-15 07:25:13.067607
clk.content-ad.net,AVAILABILITY,origin.list,2023-11-15 07:25:17.956674
click.content-ad.net,AVAILABILITY,origin.list,2023-11-15 07:25:18.881204
api.content-ad.net,AVAILABILITY,origin.list,2023-11-15 07:25:19.267049
px.content-ad.net,AVAILABILITY,origin.list,2023-11-15 07:25:19.633179
cdn-api.appadhoc.com,AVAILABILITY,origin.list,2023-11-15 07:25:21.025363
ads.adsymptotic.com,AVAILABILITY,origin.list,2023-11-15 07:25:24.156040
api-eu.adsymptotic.com,AVAILABILITY,origin.list,2023-11-15 07:25:28.687183
m-sc2.adsymptotic.com,AVAILABILITY,origin.list,2023-11-15 07:25:29.740879
c-eu.adsymptotic.com,AVAILABILITY,origin.list,2023-11-15 07:25:31.908173
api.adsymptotic.com,AVAILABILITY,origin.list,2023-11-15 07:25:35.050795
tracker.appadhoc.com,AVAILABILITY,origin.list,2023-11-15 07:25:36.141421
chameleon.ad,AVAILABILITY,origin.list,2023-11-15 07:25:37.524508
adsapi.adsymptotic.com,AVAILABILITY,origin.list,2023-11-15 07:25:42.588564
push.content-ad.net,AVAILABILITY,origin.list,2023-11-15 07:25:44.611362
h5.appadhoc.com,AVAILABILITY,origin.list,2023-11-15 07:25:45.625160
og-iad2.adsymptotic.com,AVAILABILITY,origin.list,2023-11-15 07:25:48.397826
sdk.appadhoc.com,AVAILABILITY,origin.list,2023-11-15 07:25:50.280944
api-sc2.adsymptotic.com,AVAILABILITY,origin.list,2023-11-15 07:25:56.377780
c.adsymptotic.com,AVAILABILITY,origin.list,2023-11-15 07:26:01.374412
m.adsymptotic.com,AVAILABILITY,origin.list,2023-11-15 07:26:07.279198
p-awse-ebs.adsymptotic.com,AVAILABILITY,origin.list,2023-11-15 07:26:12.449176
count.appadhoc.com,AVAILABILITY,origin.list,2023-11-15 07:26:17.487735
www.goodnotification.net,AVAILABILITY,origin.list,2023-11-15 07:26:18.336361
www.appadhoc.com,AVAILABILITY,origin.list,2023-11-15 07:26:19.499231
p-eu.adsymptotic.com,AVAILABILITY,origin.list,2023-11-15 07:26:29.185453
adtima-static-td.zadn.vn,AVAILABILITY,origin.list,2023-11-15 07:26:29.577003
adtima-media-td.zadn.vn,AVAILABILITY,origin.list,2023-11-15 07:26:30.178974
ec.adsymptotic.com,AVAILABILITY,origin.list,2023-11-15 07:26:30.357836
www.adrcdn.com,AVAILABILITY,origin.list,2023-11-15 07:26:39.098002
zalo-ads-480-td.zadn.vn,AVAILABILITY,origin.list,2023-11-15 07:26:39.525556
og-sc2.adsymptotic.com,AVAILABILITY,origin.list,2023-11-15 07:26:40.131880
p.adsymptotic.com,AVAILABILITY,origin.list,2023-11-15 07:26:40.403436
p-tky-ebs.adsymptotic.com,AVAILABILITY,origin.list,2023-11-15 07:26:41.011886
rtb-eu.adsymptotic.com,AVAILABILITY,origin.list,2023-11-15 07:26:49.903855
pixel-useast.adsymptotic.com,AVAILABILITY,origin.list,2023-11-15 07:26:50.385807
rtbe.adsymptotic.com,AVAILABILITY,origin.list,2023-11-15 07:26:50.848757
pinterest.adsymptotic.com,AVAILABILITY,origin.list,2023-11-15 07:26:51.337832
www.adsymptotic.com,AVAILABILITY,origin.list,2023-11-15 07:26:52.002182
rtb.adsymptotic.com,AVAILABILITY,origin.list,2023-11-15 07:27:00.923930
tracker.dsp.demandbase.com,AVAILABILITY,origin.list,2023-11-15 07:27:02.700623
dsp.demandbase.com,AVAILABILITY,origin.list,2023-11-15 07:27:02.889085
rex-west.bnmla.com,AVAILABILITY,origin.list,2023-11-15 07:27:36.404903
rex-east.bnmla.com,AVAILABILITY,origin.list,2023-11-15 07:27:36.826362
cdnin.bnmla.com,AVAILABILITY,origin.list,2023-11-15 07:27:37.511946
cdn1.bnmla.com,AVAILABILITY,origin.list,2023-11-15 07:27:38.261678
dc21.bnmla.com,AVAILABILITY,origin.list,2023-11-15 07:28:08.368876
dsp.bnmla.com,AVAILABILITY,origin.list,2023-11-15 07:28:11.924022
cdnfi.bnmla.com,AVAILABILITY,origin.list,2023-11-15 07:28:12.327959
foreman.bnmla.com,AVAILABILITY,origin.list,2023-11-15 07:28:13.787994
reporting.bnmla.com,AVAILABILITY,origin.list,2023-11-15 07:28:16.045350
reporting2.bnmla.com,AVAILABILITY,origin.list,2023-11-15 07:28:22.437488
match.bnmla.com,AVAILABILITY,origin.list,2023-11-15 07:28:42.828691
hound.bnmla.com,AVAILABILITY,origin.list,2023-11-15 07:28:48.840047
ad.bnmla.com,AVAILABILITY,origin.list,2023-11-15 07:28:49.289524
mt.bnmla.com,AVAILABILITY,origin.list,2023-11-15 07:28:56.562834
zalo-ads-240-td.zadn.vn,AVAILABILITY,origin.list,2023-11-15 07:29:17.870132
cdn0.bnmla.com,AVAILABILITY,origin.list,2023-11-15 07:29:19.879943
perceptor.bnmla.com,AVAILABILITY,origin.list,2023-11-15 07:29:22.095421
naing.bnmla.com,AVAILABILITY,origin.list,2023-11-15 07:29:23.348039
rex.bnmla.com,AVAILABILITY,origin.list,2023-11-15 07:29:25.320827
soundwave.bnmla.com,AVAILABILITY,origin.list,2023-11-15 07:29:58.853345
video.bnmla.com,AVAILABILITY,origin.list,2023-11-15 07:30:00.479847
sj11.bnmla.com,AVAILABILITY,origin.list,2023-11-15 07:30:01.377281
zalo-ads-td.zadn.vn,AVAILABILITY,origin.list,2023-11-15 07:30:10.944516
edge.bnmla.com,AVAILABILITY,origin.list,2023-11-15 07:30:22.562508
vsb.bnmla.com,AVAILABILITY,origin.list,2023-11-15 07:30:49.632475
www.oncustomer.asia,AVAILABILITY,origin.list,2023-11-16 06:32:27.487688
www.gostats.vn,AVAILABILITY,origin.list,2023-11-16 06:36:41.398160
ad-pay.de,AVAILABILITY,origin.list,2023-11-16 06:47:26.489278
static.optimizesrv.com,AVAILABILITY,origin.list,2023-11-16 07:38:10.362084
www.hkoxlirf.com,AVAILABILITY,origin.list,2023-11-16 07:38:11.032216
flickr.adsbynimbus.com,AVAILABILITY,origin.list,2023-11-16 07:38:11.799053
australia-southeast1.ads.playground.xyz,AVAILABILITY,origin.list,2023-11-16 07:38:12.433395
px.za.zaloapp.com,AVAILABILITY,origin.list,2023-11-16 07:38:13.001457
asia-southeast1.ads.playground.xyz,AVAILABILITY,origin.list,2023-11-16 07:38:13.104014
europe-west2.ads.playground.xyz,AVAILABILITY,origin.list,2023-11-16 07:38:13.653151
us-east4.ads.playground.xyz,AVAILABILITY,origin.list,2023-11-16 07:38:13.722816
us-west1.ads.playground.xyz,AVAILABILITY,origin.list,2023-11-16 07:38:14.051202
www.mediaz.vn,AVAILABILITY,origin.list,2023-11-16 07:38:14.068843
dev.embed.wiinvent.tv,AVAILABILITY,origin.list,2023-11-16 07:38:14.351504
hq.appsflyer.com,AVAILABILITY,origin.list,2023-11-16 07:38:14.531508
mbe-cdn.fyber.com,AVAILABILITY,origin.list,2023-11-16 07:38:14.730159
c.vi-serve.com,AVAILABILITY,origin.list,2023-11-16 07:38:14.825848
pssvc.iqzone.com,AVAILABILITY,origin.list,2023-11-16 07:38:15.042097
beauty.native-ad.net,AVAILABILITY,origin.list,2023-11-16 07:38:15.153314
origin-ads.optimizesrv.com,AVAILABILITY,origin.list,2023-11-16 07:38:15.402862
ofw-client-cdn.fyber.com,AVAILABILITY,origin.list,2023-11-16 07:38:15.464769
video.fyber.com,AVAILABILITY,origin.list,2023-11-16 07:38:15.715545
origin-ads.exdynsrv.com,AVAILABILITY,origin.list,2023-11-16 07:38:15.779427
ad.native-ad.net,AVAILABILITY,origin.list,2023-11-16 07:38:16.020795
vena.native-ad.net,AVAILABILITY,origin.list,2023-11-16 07:38:16.407730
bid.atmtd.com,AVAILABILITY,origin.list,2023-11-16 07:38:16.724587
sender.megapopads.com,AVAILABILITY,origin.list,2023-11-16 07:38:17.385539
origin-ads.exosrv.com,AVAILABILITY,origin.list,2023-11-16 07:38:17.771090
gluco.native-ad.net,AVAILABILITY,origin.list,2023-11-16 07:38:17.845463
stat.analytiall.com,AVAILABILITY,origin.list,2023-11-16 07:38:18.061704
s400.mxcdn.net,AVAILABILITY,origin.list,2023-11-16 07:38:18.463338
image.b91vip.com,AVAILABILITY,origin.list,2023-11-16 07:38:18.721949
www.b91vip.com,AVAILABILITY,origin.list,2023-11-16 07:38:19.096989
hkbid.adview.com,AVAILABILITY,origin.list,2023-11-16 07:38:19.545161
ads.livetv314.me,AVAILABILITY,origin.list,2023-11-16 07:38:19.610041
www.dfbanners.com,AVAILABILITY,origin.list,2023-11-16 07:38:19.971086
ulead.urekamedia.com,AVAILABILITY,origin.list,2023-11-16 07:38:20.213362
httpkafka-master.ads.prd.ie.internal.unity3d.com,AVAILABILITY,origin.list,2023-11-16 07:38:20.998461
httpkafka.ads.prd.ie.internal.unity3d.com,AVAILABILITY,origin.list,2023-11-16 07:38:21.002888
mega1.yeah1.com,AVAILABILITY,origin.list,2023-11-16 07:38:21.315096
c.mstorer.net,AVAILABILITY,origin.list,2023-11-16 07:38:21.710065
m.mstorer.net,AVAILABILITY,origin.list,2023-11-16 07:38:21.731724
cdn-maxcdn.petametrics.com,AVAILABILITY,origin.list,2023-11-16 07:38:21.933009
www.advinci.net,AVAILABILITY,origin.list,2023-11-16 07:38:22.537205
smartswitch.youbora.com,AVAILABILITY,origin.list,2023-11-16 07:38:22.688481
clk.rtpdn14.com,AVAILABILITY,origin.list,2023-11-16 07:38:23.228508
touchclarity.natwest.com,AVAILABILITY,origin.list,2023-11-16 07:38:23.414600
rantsundaydish.com,AVAILABILITY,origin.list,2023-11-16 07:38:23.466968
arisedammiral.com,AVAILABILITY,origin.list,2023-11-16 07:38:23.934639
ridyljevhotvsf.com,AVAILABILITY,origin.list,2023-11-16 07:38:24.170387
ionnmjdsf.com,AVAILABILITY,origin.list,2023-11-16 07:38:24.227134
casserolehunchcontract.com,AVAILABILITY,origin.list,2023-11-16 07:38:24.619275
bedsbreath.com,AVAILABILITY,origin.list,2023-11-16 07:38:25.067176
www.bizographics.com,AVAILABILITY,origin.list,2023-11-16 07:38:25.737757
www.megapopads.com,AVAILABILITY,origin.list,2023-11-16 07:38:25.740088
admtpmp127.com,AVAILABILITY,origin.list,2023-11-16 07:38:25.799087
ebocornac.com,AVAILABILITY,origin.list,2023-11-16 07:38:26.518271
weigezhiyao.com,AVAILABILITY,origin.list,2023-11-16 07:38:26.543135
s385.mxcdn.net,AVAILABILITY,origin.list,2023-11-16 07:38:26.567802
pentaclaud.com,AVAILABILITY,origin.list,2023-11-16 07:38:27.367523
aj2525.bid,AVAILABILITY,origin.list,2023-11-16 07:38:27.695415
www.pubnative.net,AVAILABILITY,origin.list,2023-11-16 07:38:28.026876
aj2528.bid,AVAILABILITY,origin.list,2023-11-16 07:38:28.128272
confluence.smaato.net,AVAILABILITY,origin.list,2023-11-16 07:38:28.188490
sadsatz.com,AVAILABILITY,origin.list,2023-11-16 07:38:28.578232
clkv6.rtpdn14.com,AVAILABILITY,origin.list,2023-11-16 07:38:28.747077
www.sb4you1.com,AVAILABILITY,origin.list,2023-11-16 07:38:28.792962
gbdixorxxdjykr.com,AVAILABILITY,origin.list,2023-11-16 07:38:28.902294
bkvhlsndw.com,AVAILABILITY,origin.list,2023-11-16 07:38:29.010269
chusairt.com,AVAILABILITY,origin.list,2023-11-16 07:38:29.372753
aj2529.bid,AVAILABILITY,origin.list,2023-11-16 07:38:29.687560
yearlylight.com,AVAILABILITY,origin.list,2023-11-16 07:38:29.762245
aj2530.bid,AVAILABILITY,origin.list,2023-11-16 07:38:30.130889
settings.crashlytics.com,AVAILABILITY,origin.list,2023-11-16 07:38:30.471173
ucxfdvhuqwpig.com,AVAILABILITY,origin.list,2023-11-16 07:38:30.607377
phonograph2.voxmedia.com,AVAILABILITY,origin.list,2023-11-16 07:38:30.804583
www.faktor.io,AVAILABILITY,origin.list,2023-11-16 07:38:31.209931
api.crashlytics.com,AVAILABILITY,origin.list,2023-11-16 07:38:31.248970
aj2531.bid,AVAILABILITY,origin.list,2023-11-16 07:38:31.333757
setbackclassy.com,AVAILABILITY,origin.list,2023-11-16 07:38:31.483429
e.crashlytics.com,AVAILABILITY,origin.list,2023-11-16 07:38:31.549028
c.huerty.site,AVAILABILITY,origin.list,2023-11-16 07:38:31.976906
rimpirbtmxg.com,AVAILABILITY,origin.list,2023-11-16 07:38:32.069615
local.adsbynimbus.com,AVAILABILITY,origin.list,2023-11-16 07:38:32.076205
vastpixel.getpublica.com,AVAILABILITY,origin.list,2023-11-16 07:38:32.431038
staging.getpublica.com,AVAILABILITY,origin.list,2023-11-16 07:38:32.483378
m.huerty.site,AVAILABILITY,origin.list,2023-11-16 07:38:32.669549
yelperoctofid.website,AVAILABILITY,origin.list,2023-11-16 07:38:33.168761
static.ad4mat.net,AVAILABILITY,origin.list,2023-11-16 07:38:33.318456
static.dynamicyield.com,AVAILABILITY,origin.list,2023-11-16 07:38:33.936028
www.exoticads.com,AVAILABILITY,origin.list,2023-11-16 07:38:34.768426
ad.eplayer.is,AVAILABILITY,origin.list,2023-11-16 07:38:34.844599
apathylahuli.website,AVAILABILITY,origin.list,2023-11-16 07:38:34.910725
reports.crashlytics.com,AVAILABILITY,origin.list,2023-11-16 07:38:35.435315
mobileanalytics.useinsider.com,AVAILABILITY,origin.list,2023-11-16 07:38:35.465474
collect.igodigital.com,AVAILABILITY,origin.list,2023-11-16 07:38:35.543080
ads.rvadnet.com,AVAILABILITY,origin.list,2023-11-16 07:38:35.695375
asgdfasad.mm-cgnews.com,AVAILABILITY,origin.list,2023-11-16 07:38:36.230262
aj1622.online,AVAILABILITY,origin.list,2023-11-16 07:38:36.505344
perf.logsss.com,AVAILABILITY,origin.list,2023-11-16 07:38:36.988659
saltycarboninsulting.com,AVAILABILITY,origin.list,2023-11-16 07:38:37.312029
optimize-stats.voxmedia.com,AVAILABILITY,origin.list,2023-11-16 07:38:37.607960
e7a875c424.7fb60feaa4.com,AVAILABILITY,origin.list,2023-11-16 07:38:38.071626
7fb60feaa4.com,AVAILABILITY,origin.list,2023-11-16 07:38:38.256298
cdn.districtm.io,AVAILABILITY,origin.list,2023-11-16 07:38:38.384029
www.adz2you.net,AVAILABILITY,origin.list,2023-11-16 07:38:38.670723
cdn.orgxts.com,AVAILABILITY,origin.list,2023-11-16 07:38:38.885721
rum.logsss.com,AVAILABILITY,origin.list,2023-11-16 07:38:38.933782
stats.paypal.com,AVAILABILITY,origin.list,2023-11-16 07:38:39.151686
log.optimizely.com,AVAILABILITY,origin.list,2023-11-16 07:38:39.512330
ssp.web1s.com,AVAILABILITY,origin.list,2023-11-16 07:38:39.894002
imgs2.aanetwork.vn,AVAILABILITY,origin.list,2023-11-16 07:38:40.234881
huerty.site,AVAILABILITY,origin.list,2023-11-16 07:38:40.363493
r.contentsquare.net,AVAILABILITY,origin.list,2023-11-16 07:38:40.940013
sdk.ironbeast.io,AVAILABILITY,origin.list,2023-11-16 07:38:41.871320
pixel.nc0.co,AVAILABILITY,origin.list,2023-11-16 07:38:42.277708
supersonic.ironbeast.io,AVAILABILITY,origin.list,2023-11-16 07:38:42.503590
adsrv.eacdn.com,AVAILABILITY,origin.list,2023-11-16 07:38:42.754479
mathtag.com.edgekey.net,AVAILABILITY,origin.list,2023-11-16 07:38:43.457548
api.jeeng.com,AVAILABILITY,origin.list,2023-11-16 07:38:43.662433
logs.datadoghq.eu,AVAILABILITY,origin.list,2023-11-16 07:38:43.795736
content.postrelease.com,AVAILABILITY,origin.list,2023-11-16 07:38:43.925754
collector-cps2-live.omnitrend.biz,AVAILABILITY,origin.list,2023-11-16 07:38:44.341344
www.ad4mat.net,AVAILABILITY,origin.list,2023-11-16 07:38:44.837382
collect.data.tm-awx.com,AVAILABILITY,origin.list,2023-11-16 07:38:45.081646
lb.ironbeast.io,AVAILABILITY,origin.list,2023-11-16 07:38:45.089340
cdn.aanetwork.vn,AVAILABILITY,origin.list,2023-11-16 07:38:45.267512
eventreg.sphdigital.com,AVAILABILITY,origin.list,2023-11-16 07:38:45.505974
raf.overwolf.com,AVAILABILITY,origin.list,2023-11-16 07:38:45.917786
tiads.timeinc.net,AVAILABILITY,origin.list,2023-11-16 07:38:46.108660
aniview.com.edgekey.net,AVAILABILITY,origin.list,2023-11-16 07:38:46.223198
ad-track.adiiix.com,AVAILABILITY,origin.list,2023-11-16 07:38:47.174670
eu.y.atwola.com,AVAILABILITY,origin.list,2023-11-16 07:38:47.484052
as.y.atwola.com,AVAILABILITY,origin.list,2023-11-16 07:38:47.743535
ads.adiiix.com,AVAILABILITY,origin.list,2023-11-16 07:38:48.141225
t.singular.net,AVAILABILITY,origin.list,2023-11-16 07:38:48.457919
pixel.monitor1.returnpath.net,AVAILABILITY,origin.list,2023-11-16 07:38:48.899914
secure.ironbeast.io,AVAILABILITY,origin.list,2023-11-16 07:38:49.042533
smart-ads.statsperformdev.com,AVAILABILITY,origin.list,2023-11-16 07:38:49.713260
r.grvmedia.com,AVAILABILITY,origin.list,2023-11-16 07:38:49.722116
view-prod.ad.singular.net,AVAILABILITY,origin.list,2023-11-16 07:38:50.423442
u.agentanalytics.com,AVAILABILITY,origin.list,2023-11-16 07:38:50.765318
t.everestop.io,AVAILABILITY,origin.list,2023-11-16 07:38:51.143468
p.agentanalytics.com,AVAILABILITY,origin.list,2023-11-16 07:38:51.723253
us.y.atwola.com,AVAILABILITY,origin.list,2023-11-16 07:38:52.507090
k8s2.testcentre.vn,AVAILABILITY,origin.list,2023-11-16 07:38:52.531758
tw.as.y.atwola.com,AVAILABILITY,origin.list,2023-11-16 07:38:52.985725
ccpa.psg.nexstardigital.net,AVAILABILITY,origin.list,2023-11-16 07:38:53.322899
cm.gammadsp.com,AVAILABILITY,origin.list,2023-11-16 07:38:53.651562
livetracker.voa.pangea-cms.com,AVAILABILITY,origin.list,2023-11-16 07:38:54.044521
vinaads.vn,AVAILABILITY,origin.list,2023-11-16 07:38:54.176863
t.agentanalytics.com,AVAILABILITY,origin.list,2023-11-16 07:38:54.313017
metrics.gammadsp.com,AVAILABILITY,origin.list,2023-11-16 07:38:54.376333
b.serving-system.com,AVAILABILITY,origin.list,2023-11-16 07:38:54.679223
o.agentanalytics.com,AVAILABILITY,origin.list,2023-11-16 07:38:55.172399
www.tagger.opecloud.com,AVAILABILITY,origin.list,2023-11-16 07:38:55.395321
sg.as.y.atwola.com,AVAILABILITY,origin.list,2023-11-16 07:38:55.780799
ut-static.serving-system.com,AVAILABILITY,origin.list,2023-11-16 07:38:55.898489
optimize.serving-system.com,AVAILABILITY,origin.list,2023-11-16 07:38:56.065485
videoads.hotstar.com,AVAILABILITY,origin.list,2023-11-16 07:38:56.470897
cdn.imhd.io,AVAILABILITY,origin.list,2023-11-16 07:38:56.528829
ut.serving-system.com,AVAILABILITY,origin.list,2023-11-16 07:38:56.570371
imp.gammadsp.com,AVAILABILITY,origin.list,2023-11-16 07:38:56.754906
trk.gammadsp.com,AVAILABILITY,origin.list,2023-11-16 07:38:57.134561
pixel.app.returnpath.net,AVAILABILITY,origin.list,2023-11-16 07:38:57.431241
clk.gammadsp.com,AVAILABILITY,origin.list,2023-11-16 07:38:57.444801
serving-system.com,AVAILABILITY,origin.list,2023-11-16 07:38:57.448196
gammadsp.com,AVAILABILITY,origin.list,2023-11-16 07:38:57.869592
activate.ensighten.com,AVAILABILITY,origin.list,2023-11-16 07:38:58.206187
analytics.polarbyte.com,AVAILABILITY,origin.list,2023-11-16 07:38:58.208490
www.admarket.network,AVAILABILITY,origin.list,2023-11-16 07:38:58.270659
cheap-ads.net,AVAILABILITY,origin.list,2023-11-16 07:38:58.864031
livetracker.rfe.pangea-cms.com,AVAILABILITY,origin.list,2023-11-16 07:38:58.888637
www.gammadsp.com,AVAILABILITY,origin.list,2023-11-16 07:38:59.071960
www.datawrkz.com,AVAILABILITY,origin.list,2023-11-16 07:38:59.127585
dsp.dable.io,AVAILABILITY,origin.list,2023-11-16 07:38:59.140804
cdn-player.urekamedia.com,AVAILABILITY,origin.list,2023-11-16 07:38:59.641218
academy.urekamedia.com,AVAILABILITY,origin.list,2023-11-16 07:38:59.846215
api.adnet.mob.com,AVAILABILITY,origin.list,2023-11-16 07:39:00.847012
ir.us.y.atwola.com,AVAILABILITY,origin.list,2023-11-16 07:39:01.762132
verycheap.cheap-ads.net,AVAILABILITY,origin.list,2023-11-16 07:39:01.959388
www.statcounter.com,AVAILABILITY,origin.list,2023-11-16 07:39:02.199149
clickmeter.urekamedia.com,AVAILABILITY,origin.list,2023-11-16 07:39:02.754176
adasia.fuseplatform.net,AVAILABILITY,origin.list,2023-11-16 07:39:02.915157
staging.fuseplatform.net,AVAILABILITY,origin.list,2023-11-16 07:39:03.034040
adv.urekamedia.com,AVAILABILITY,origin.list,2023-11-16 07:39:03.350242
adireto.fuseplatform.net,AVAILABILITY,origin.list,2023-11-16 07:39:03.502812
www.cheap-ads.net,AVAILABILITY,origin.list,2023-11-16 07:39:03.797607
www.bidgear.com,AVAILABILITY,origin.list,2023-11-16 07:39:03.880382
view.adsmanager.ga,AVAILABILITY,origin.list,2023-11-16 07:39:04.197656
static.urekamedia.com,AVAILABILITY,origin.list,2023-11-16 07:39:04.221981
www.hzkachqd.com,AVAILABILITY,origin.list,2023-11-16 07:39:04.971375
demo.fuseplatform.net,AVAILABILITY,origin.list,2023-11-16 07:39:05.227666
www.entravision.com,AVAILABILITY,origin.list,2023-11-16 07:39:05.343302
adsmanager.ga,AVAILABILITY,origin.list,2023-11-16 07:39:05.504486
log.urekamedia.com,AVAILABILITY,origin.list,2023-11-16 07:39:06.109753
jsons.urekamedia.com,AVAILABILITY,origin.list,2023-11-16 07:39:06.686086
imps.urekamedia.com,AVAILABILITY,origin.list,2023-11-16 07:39:07.512052
cpm.vidoomy.com,AVAILABILITY,origin.list,2023-11-16 07:39:07.631524
api.fuseplatform.net,AVAILABILITY,origin.list,2023-11-16 07:39:08.526646
u-dmp.urekamedia.com,AVAILABILITY,origin.list,2023-11-16 07:39:08.562969
u-connect.urekamedia.com,AVAILABILITY,origin.list,2023-11-16 07:39:08.762293
agenduret.com,AVAILABILITY,origin.list,2023-11-16 07:39:09.324863
b4psads.com,AVAILABILITY,origin.list,2023-11-16 07:39:09.375122
adsservices.urekamedia.com,AVAILABILITY,origin.list,2023-11-16 07:39:09.425234
pixel.vidoomy.com,AVAILABILITY,origin.list,2023-11-16 07:39:09.818624
static3.urekamedia.com,AVAILABILITY,origin.list,2023-11-16 07:39:10.127713
brmvvjrc.com,AVAILABILITY,origin.list,2023-11-16 07:39:10.297502
airdropemboil.com,AVAILABILITY,origin.list,2023-11-16 07:39:10.316414
www.phukienthoitranggiare.com,AVAILABILITY,origin.list,2023-11-16 07:39:10.860030
curmanel.com,AVAILABILITY,origin.list,2023-11-16 07:39:11.075021
www.grvmedia.com,AVAILABILITY,origin.list,2023-11-16 07:39:11.204335
img.adview.com,AVAILABILITY,origin.list,2023-11-16 07:39:12.084954
demo.klick.vn,AVAILABILITY,origin.list,2023-11-16 07:39:13.350068
apm-collector.daumkakao.io,AVAILABILITY,origin.list,2023-11-16 07:39:13.429870
klick.vn,AVAILABILITY,origin.list,2023-11-16 07:39:13.647623
freyr-clo.com,AVAILABILITY,origin.list,2023-11-16 07:39:14.111285
allmyverygreatlife.com,AVAILABILITY,origin.list,2023-11-16 07:39:14.117483
death2americaallahuakbar.com,AVAILABILITY,origin.list,2023-11-16 07:39:14.812241
adv.klick.vn,AVAILABILITY,origin.list,2023-11-16 07:39:14.876353
agnescarved.website,AVAILABILITY,origin.list,2023-11-16 07:39:15.142170
mautic.serverhub.vn,AVAILABILITY,origin.list,2023-11-16 07:39:16.191755
text1.klick.vn,AVAILABILITY,origin.list,2023-11-16 07:39:16.363726
banner.vadian.net,AVAILABILITY,origin.list,2023-11-16 07:39:17.264975
vnnayngaytin.vn,AVAILABILITY,origin.list,2023-11-16 07:39:17.452448
enamberchivies.com,AVAILABILITY,origin.list,2023-11-16 07:39:17.543494
qc.klick.vn,AVAILABILITY,origin.list,2023-11-16 07:39:17.797069
www.ezmob.com,AVAILABILITY,origin.list,2023-11-16 07:39:18.061768
ctmwjivktdu.com,AVAILABILITY,origin.list,2023-11-16 07:39:18.273917
defyblackmailrecommended.com,AVAILABILITY,origin.list,2023-11-16 07:39:18.653738
gbvqblkpxmzji.com,AVAILABILITY,origin.list,2023-11-16 07:39:18.921682
euro.klick.vn,AVAILABILITY,origin.list,2023-11-16 07:39:18.977657
elicitsfoozle.com,AVAILABILITY,origin.list,2023-11-16 07:39:19.044843
ewbnlsqthoxdco.com,AVAILABILITY,origin.list,2023-11-16 07:39:19.350277
illum-sec.com,AVAILABILITY,origin.list,2023-11-16 07:39:19.671637
diqkldlh.com,AVAILABILITY,origin.list,2023-11-16 07:39:19.874946
wakeup247.klick.vn,AVAILABILITY,origin.list,2023-11-16 07:39:20.103089
wakeup.klick.vn,AVAILABILITY,origin.list,2023-11-16 07:39:20.376732
devotedvarnish.com,AVAILABILITY,origin.list,2023-11-16 07:39:20.448166
www.klick.vn,AVAILABILITY,origin.list,2023-11-16 07:39:20.608613
gronw-zis.com,AVAILABILITY,origin.list,2023-11-16 07:39:21.073785
ad.kakao.com,AVAILABILITY,origin.list,2023-11-16 07:39:21.706713
jetgatem.com,AVAILABILITY,origin.list,2023-11-16 07:39:21.807194
eggsosgum.site,AVAILABILITY,origin.list,2023-11-16 07:39:22.627668
managementbeganrapt.com,AVAILABILITY,origin.list,2023-11-16 07:39:22.695924
ad.kakaocorp.com,AVAILABILITY,origin.list,2023-11-16 07:39:23.047077
faskoleb.com,AVAILABILITY,origin.list,2023-11-16 07:39:23.452748
nvmjdpbjgrh.com,AVAILABILITY,origin.list,2023-11-16 07:39:23.474432
mautic.akhoe.vn,AVAILABILITY,origin.list,2023-11-16 07:39:23.953007
ellpaniers.com,AVAILABILITY,origin.list,2023-11-16 07:39:24.239509
www.adcell.com,AVAILABILITY,origin.list,2023-11-16 07:39:24.242953
kgpabtukhwrp.com,AVAILABILITY,origin.list,2023-11-16 07:39:24.393028
ingig-nes.com,AVAILABILITY,origin.list,2023-11-16 07:39:24.571928
proserpina-zeb.com,AVAILABILITY,origin.list,2023-11-16 07:39:24.887360
roomegar.com,AVAILABILITY,origin.list,2023-11-16 07:39:25.149901
ad.vnnayngaytin.vn,AVAILABILITY,origin.list,2023-11-16 07:39:25.161060
rebiraert.com,AVAILABILITY,origin.list,2023-11-16 07:39:25.329604
gleitmappy.com,AVAILABILITY,origin.list,2023-11-16 07:39:25.707500
speersferny.com,AVAILABILITY,origin.list,2023-11-16 07:39:26.051670
ads-admin.hubs.vn,AVAILABILITY,origin.list,2023-11-16 07:39:26.120274
nzihjybdeq.com,AVAILABILITY,origin.list,2023-11-16 07:39:26.225244
rvkthygqhe.com,AVAILABILITY,origin.list,2023-11-16 07:39:26.517758
puggedproses.com,AVAILABILITY,origin.list,2023-11-16 07:39:26.878958
thinnerconcha.com,AVAILABILITY,origin.list,2023-11-16 07:39:27.041142
homomqmfbomoy.com,AVAILABILITY,origin.list,2023-11-16 07:39:27.074414
jogglyisohel.com,AVAILABILITY,origin.list,2023-11-16 07:39:27.389033
thutm-bru.com,AVAILABILITY,origin.list,2023-11-16 07:39:27.520517
shrewdoscular.com,AVAILABILITY,origin.list,2023-11-16 07:39:27.969010
ad.jiguang.cn,AVAILABILITY,origin.list,2023-11-16 07:39:28.357287
tvgvlpnpetxysl.com,AVAILABILITY,origin.list,2023-11-16 07:39:28.771733
tagbom.com,AVAILABILITY,origin.list,2023-11-16 07:39:29.080584
straticjustice.com,AVAILABILITY,origin.list,2023-11-16 07:39:29.488108
config.hiido.com,AVAILABILITY,origin.list,2023-11-16 07:39:29.723579
za.zingnews.vn,AVAILABILITY,origin.list,2023-11-16 07:39:29.771020
sense.tapdb.com,AVAILABILITY,origin.list,2023-11-16 07:39:29.828119
sigiward-ger.com,AVAILABILITY,origin.list,2023-11-16 07:39:31.776559
oxiqyxos.com,AVAILABILITY,origin.list,2023-11-16 07:39:32.543576
oktogar.com,AVAILABILITY,origin.list,2023-11-16 07:39:33.677670
olkrzytv.com,AVAILABILITY,origin.list,2023-11-16 07:39:33.893535
mautic.educa.vn,AVAILABILITY,origin.list,2023-11-16 07:39:34.775032
hemiolajobson.website,AVAILABILITY,origin.list,2023-11-16 07:39:34.816730
vczkzswrjais.com,AVAILABILITY,origin.list,2023-11-16 07:39:37.010369
vigpsypoyta.com,AVAILABILITY,origin.list,2023-11-16 07:39:37.014422
www.awin1.com,AVAILABILITY,origin.list,2023-11-16 07:39:38.510252
subveinlanista.com,AVAILABILITY,origin.list,2023-11-16 07:39:39.061293
vknalqcnfxu.com,AVAILABILITY,origin.list,2023-11-16 07:39:41.152403
venuegirtjive.com,AVAILABILITY,origin.list,2023-11-16 07:39:41.177840
24h-ipad-ad.24hstatic.com,AVAILABILITY,origin.list,2023-11-16 07:39:43.571875
tvmtracker.com,AVAILABILITY,origin.list,2023-11-16 07:39:44.333159
umiyyusldc.com,AVAILABILITY,origin.list,2023-11-16 07:39:44.351526
www.rudderlabs.com,AVAILABILITY,origin.list,2023-11-16 07:39:44.466444
www.adwmg.com,AVAILABILITY,origin.list,2023-11-16 07:39:45.604219
untruerbelili.com,AVAILABILITY,origin.list,2023-11-16 07:39:49.744501
visagedbeard.com,AVAILABILITY,origin.list,2023-11-16 07:39:49.744701
spotlighthemp.com,AVAILABILITY,origin.list,2023-11-16 07:39:49.744453
zminer.zaloapp.com,AVAILABILITY,origin.list,2023-11-16 07:39:49.944539
viatorayme.com,AVAILABILITY,origin.list,2023-11-16 07:39:50.026590
www.find-my-great-life.com,AVAILABILITY,origin.list,2023-11-16 07:39:50.533532
vrqsvrnjrhdmek.com,AVAILABILITY,origin.list,2023-11-16 07:39:51.926615
unblestrustic.com,AVAILABILITY,origin.list,2023-11-16 07:39:52.142970
washedrunaway.com,AVAILABILITY,origin.list,2023-11-16 07:39:54.023252
wfuipqowa.com,AVAILABILITY,origin.list,2023-11-16 07:39:55.125970
creatives.lavanetwork.net,AVAILABILITY,origin.list,2023-11-16 07:39:55.188181
vymhnxjyj.com,AVAILABILITY,origin.list,2023-11-16 07:39:55.284002
24h-ad.24hstatic.com,AVAILABILITY,origin.list,2023-11-16 07:39:57.137933
suinglygaggler.com,AVAILABILITY,origin.list,2023-11-16 07:39:57.359909
vogueoatgap.com,AVAILABILITY,origin.list,2023-11-16 07:39:57.402086
vanjyvsr.com,AVAILABILITY,origin.list,2023-11-16 07:39:57.910629
www.allmyverygreatlife.com,AVAILABILITY,origin.list,2023-11-16 07:39:58.146603
www.adop.cc,AVAILABILITY,origin.list,2023-11-16 07:39:58.461727
wgcsxqkyry.com,AVAILABILITY,origin.list,2023-11-16 07:39:59.147558
stats.hc.score.dmp.zalo.me,AVAILABILITY,origin.list,2023-11-16 07:40:00.838532
adtimabot.brand.zing.vn,AVAILABILITY,origin.list,2023-11-16 07:40:02.195576
weboohost.com,AVAILABILITY,origin.list,2023-11-16 07:40:02.720396
www.olkrzytv.com,AVAILABILITY,origin.list,2023-11-16 07:40:03.056110
media.adasiaholdings.com,AVAILABILITY,origin.list,2023-11-16 07:40:04.568599
wkyswppiobnuqje.com,AVAILABILITY,origin.list,2023-11-16 07:40:05.772806
vbscgrnkoceya.com,AVAILABILITY,origin.list,2023-11-16 07:40:05.800475
banner.brand.zing.vn,AVAILABILITY,origin.list,2023-11-16 07:40:06.265591
i.shannon-fisher.xyz,AVAILABILITY,origin.list,2023-11-16 07:40:06.423990
banner.lavanetwork.net,AVAILABILITY,origin.list,2023-11-16 07:40:08.183121
campaign.brand.zing.vn,AVAILABILITY,origin.list,2023-11-16 07:40:08.879495
px.za.zalo.me,AVAILABILITY,origin.list,2023-11-16 07:40:10.342171
www.adflex.vn,AVAILABILITY,origin.list,2023-11-16 07:40:13.041335
www.atdnetwork.com,AVAILABILITY,origin.list,2023-11-16 07:40:14.083430
video.lavanetwork.net,AVAILABILITY,origin.list,2023-11-16 07:40:15.515242
yezsfzruvxbqa.com,AVAILABILITY,origin.list,2023-11-16 07:40:17.952030
admin.lavanetwork.net,AVAILABILITY,origin.list,2023-11-16 07:40:17.968660
anhui-attorney.com,AVAILABILITY,origin.list,2023-11-16 07:40:18.001784
delivery1.lavanetwork.net,AVAILABILITY,origin.list,2023-11-16 07:40:18.377480
wyvpjsfhywm.com,AVAILABILITY,origin.list,2023-11-16 07:40:20.133140
www.pressingmiscellaneoustry.com,AVAILABILITY,origin.list,2023-11-16 07:40:20.222726
www.catchandfatch.bid,AVAILABILITY,origin.list,2023-11-16 07:40:21.240142
movestone.net,AVAILABILITY,origin.list,2023-11-16 07:40:21.267872
yjuydihly.com,AVAILABILITY,origin.list,2023-11-16 07:40:21.268702
transmith.xyz,AVAILABILITY,origin.list,2023-11-16 07:40:21.386061
www.pushtimize.com,AVAILABILITY,origin.list,2023-11-16 07:40:21.992589
xxssyndic.com,AVAILABILITY,origin.list,2023-11-16 07:40:22.298640
www.medtargetsystem.com,AVAILABILITY,origin.list,2023-11-16 07:40:23.918146
www.tagbom.com,AVAILABILITY,origin.list,2023-11-16 07:40:24.577523
web-analytics.smile.io,AVAILABILITY,origin.list,2023-11-16 07:40:24.646652
analytics.ihbsoft.com,AVAILABILITY,origin.list,2023-11-16 07:40:24.817372
www.isfxsiooyjad.com,AVAILABILITY,origin.list,2023-11-16 07:40:26.731930
kidsghibli.com,AVAILABILITY,origin.list,2023-11-16 07:40:26.915169
www.comwgi.com,AVAILABILITY,origin.list,2023-11-16 07:40:26.947721
online-prod.zenmxapps.com,AVAILABILITY,origin.list,2023-11-16 07:40:26.981813
analytics.siliconexpert.com,AVAILABILITY,origin.list,2023-11-16 07:40:28.999988
analytics.similarweb.com,AVAILABILITY,origin.list,2023-11-16 07:40:29.594298
zdyldoijanx.com,AVAILABILITY,origin.list,2023-11-16 07:40:31.113944
www.admedia.network,AVAILABILITY,origin.list,2023-11-16 07:40:31.170879
analytics.shein.co.uk,AVAILABILITY,origin.list,2023-11-16 07:40:31.270673
www.dynamicadx.com,AVAILABILITY,origin.list,2023-11-16 07:40:32.408046
youngsterbusinessman.com,AVAILABILITY,origin.list,2023-11-16 07:40:32.552954
www.cd-ads.com,AVAILABILITY,origin.list,2023-11-16 07:40:32.737359
xvlcbwlgpy.com,AVAILABILITY,origin.list,2023-11-16 07:40:32.852898
vilagnomad.com,AVAILABILITY,origin.list,2023-11-16 07:40:35.547722
tracker.cpmdata.net,AVAILABILITY,origin.list,2023-11-16 07:40:37.669285
xforever3xfile.com,AVAILABILITY,origin.list,2023-11-16 07:40:38.682839
www.zap.buzz,AVAILABILITY,origin.list,2023-11-16 07:40:40.981741
log.vietnamdaily.net.vn,AVAILABILITY,origin.list,2023-11-16 07:40:40.989950
www.tgzobwoutuwn.com,AVAILABILITY,origin.list,2023-11-16 07:40:42.969136
www.weigezhiyao.com,AVAILABILITY,origin.list,2023-11-16 07:40:44.083506
bind-gateway.corp.appnexus.com,AVAILABILITY,origin.list,2023-11-16 07:40:44.197625
www.kaplanindex.com,AVAILABILITY,origin.list,2023-11-16 07:40:46.339260
www.fastly-insights.com,AVAILABILITY,origin.list,2023-11-16 07:40:46.385540
vt.myvisualiq.net,AVAILABILITY,origin.list,2023-11-16 07:40:46.489297
www.increaserev.com,AVAILABILITY,origin.list,2023-11-16 07:40:46.960937
www.epi0tzwi.com,AVAILABILITY,origin.list,2023-11-16 07:40:47.827963
www.ecpms.net,AVAILABILITY,origin.list,2023-11-16 07:40:47.987318
analytics.zen.ly,AVAILABILITY,origin.list,2023-11-16 07:40:48.530719
www.usertrack.net,AVAILABILITY,origin.list,2023-11-16 07:40:51.532217
www.hitcpm.com,AVAILABILITY,origin.list,2023-11-16 07:40:52.678807
analytics.s.id,AVAILABILITY,origin.list,2023-11-16 07:40:52.868627
www.jeoway.com,AVAILABILITY,origin.list,2023-11-16 07:40:53.336250
log.trithuctructuyen.vn,AVAILABILITY,origin.list,2023-11-16 07:40:54.445924
www.adstune.com,AVAILABILITY,origin.list,2023-11-16 07:40:56.004826
www.weborama.com,AVAILABILITY,origin.list,2023-11-16 07:40:56.497922
www.harafunnel.com,AVAILABILITY,origin.list,2023-11-16 07:40:59.319722
www.apprefaculty.pro,AVAILABILITY,origin.list,2023-11-16 07:40:59.354850
www.hypestat.com,AVAILABILITY,origin.list,2023-11-16 07:41:00.071453
remyyadan.online.fr,AVAILABILITY,origin.list,2023-11-16 07:41:00.420606
www.novaon.asia,AVAILABILITY,origin.list,2023-11-16 07:41:03.607661
www.meitustat.com,AVAILABILITY,origin.list,2023-11-16 07:41:07.327262
www.999.money,AVAILABILITY,origin.list,2023-11-16 07:41:07.592216
www.admicro.vn,AVAILABILITY,origin.list,2023-11-16 07:41:07.720504
www.younetmedia.com,AVAILABILITY,origin.list,2023-11-16 07:41:09.956419
www.zekiatagur.com,AVAILABILITY,origin.list,2023-11-16 07:41:14.584427
www.premiumads.com.br,AVAILABILITY,origin.list,2023-11-16 07:41:15.701629
www.novaonads.com,AVAILABILITY,origin.list,2023-11-16 07:41:18.528690
www.ad4screen.com,AVAILABILITY,origin.list,2023-11-16 07:41:19.032997
log.trithuctructuyen.com.vn,AVAILABILITY,origin.list,2023-11-16 07:41:23.082849
www.metaconex.io,AVAILABILITY,origin.list,2023-11-16 07:41:23.406934
www.adasiaholdings.com,AVAILABILITY,origin.list,2023-11-16 07:41:24.539917
www.adsplay.net,AVAILABILITY,origin.list,2023-11-16 07:41:25.259448
www.adpia.vn,AVAILABILITY,origin.list,2023-11-16 07:41:26.118212
za.zingnews.com.vn,AVAILABILITY,origin.list,2023-11-16 07:41:26.839502
log.zingnews.com.vn,AVAILABILITY,origin.list,2023-11-16 07:41:26.995906
tracking.vtc.vn,AVAILABILITY,origin.list,2023-11-16 07:41:32.290466
www.photo-ads.co.uk,AVAILABILITY,origin.list,2023-11-16 07:41:33.772575
1004.hostedprebid.com,AVAILABILITY,origin.list,2023-11-16 07:41:41.420128
ltv-spark-webui.kube-prod.vungle.com,AVAILABILITY,origin.list,2023-11-16 07:41:41.603486
ingest-qa.kube-prod.vungle.com,AVAILABILITY,origin.list,2023-11-16 07:41:41.982814
id.sharedid.org,AVAILABILITY,origin.list,2023-11-16 07:41:45.469693
www.autoads.asia,AVAILABILITY,origin.list,2023-11-16 07:41:49.462068
ltv-data-api.kube-prod.vungle.com,AVAILABILITY,origin.list,2023-11-16 07:41:51.765075
ad.media-servers.net,AVAILABILITY,origin.list,2023-11-16 07:41:58.066817
statistics.vov.vn,AVAILABILITY,origin.list,2023-11-16 07:42:00.381055
banners-gallery.coccoc.com,AVAILABILITY,origin.list,2023-11-16 07:42:00.670386
www.slimads.vn,AVAILABILITY,origin.list,2023-11-16 07:42:06.902617
pv.pjtsu.com,AVAILABILITY,origin.list,2023-11-16 07:42:10.406799
emarketing.eclick.vn,AVAILABILITY,origin.list,2023-11-16 07:42:29.145201
analytics.eclick.vn,AVAILABILITY,origin.list,2023-11-16 07:42:31.140336
admin.iad.eclick.vn,AVAILABILITY,origin.list,2023-11-16 07:42:31.893118
l.d.eclick.vn,AVAILABILITY,origin.list,2023-11-16 07:42:40.265816
cpm.eclick.vn,AVAILABILITY,origin.list,2023-11-16 07:42:48.324666
log.pv1.eclick.vn,AVAILABILITY,origin.list,2023-11-16 07:42:54.581454
st.eclick.vn,AVAILABILITY,origin.list,2023-11-16 07:43:09.530508
cpm.j.eclick.vn,AVAILABILITY,origin.list,2023-11-16 07:43:09.889510
dmp.eclick.vn,AVAILABILITY,origin.list,2023-11-16 07:43:10.227528
j.eclick.vn,AVAILABILITY,origin.list,2023-11-16 07:43:18.430043
img.eclick.vn,AVAILABILITY,origin.list,2023-11-16 07:43:28.288467
t.d.eclick.vn,AVAILABILITY,origin.list,2023-11-16 07:43:30.817536
imgportal.eclick.vn,AVAILABILITY,origin.list,2023-11-16 07:43:36.134865
stportal.eclick.vn,AVAILABILITY,origin.list,2023-11-16 07:43:38.661061
log.d.eclick.vn,AVAILABILITY,origin.list,2023-11-16 07:43:42.349190
st.admin.iad.eclick.vn,AVAILABILITY,origin.list,2023-11-16 07:43:56.221760
rtb.eclick.vn,AVAILABILITY,origin.list,2023-11-16 07:43:56.499760
c.d.eclick.vn,AVAILABILITY,origin.list,2023-11-16 07:44:01.587408
la.eclick.vn,AVAILABILITY,origin.list,2023-11-16 07:44:02.084549
st.a.eclick.vn,AVAILABILITY,origin.list,2023-11-16 07:44:06.184321
l.a.eclick.vn,AVAILABILITY,origin.list,2023-11-16 07:44:11.689352
st.l.a.eclick.vn,AVAILABILITY,origin.list,2023-11-16 07:44:12.071935
stla.eclick.vn,AVAILABILITY,origin.list,2023-11-16 07:44:20.181513
log.pv.eclick.vn,AVAILABILITY,origin.list,2023-11-16 07:44:25.762267
staging.j.eclick.vn,AVAILABILITY,origin.list,2023-11-16 07:44:31.010466
go.polyad.net,AVAILABILITY,origin.list,2023-11-16 07:44:45.144552
cp.polyad.net,AVAILABILITY,origin.list,2023-11-16 07:44:54.280524
html.polyad.net,AVAILABILITY,origin.list,2023-11-16 07:44:54.358541
core.polyad.net,AVAILABILITY,origin.list,2023-11-16 07:45:09.603168
dt.polyad.net,AVAILABILITY,origin.list,2023-11-16 07:45:12.331665
ds.polyad.net,AVAILABILITY,origin.list,2023-11-16 07:45:27.581785
dst.polyad.net,AVAILABILITY,origin.list,2023-11-16 07:45:27.684764
st.core.polyad.net,AVAILABILITY,origin.list,2023-11-16 07:45:32.555912
st.polyad.net,AVAILABILITY,origin.list,2023-11-16 07:45:37.634723
img.polyad.net,AVAILABILITY,origin.list,2023-11-16 07:45:40.379873
cpx.polyad.net,AVAILABILITY,origin.list,2023-11-16 07:45:45.297978
elogs.vnexpress.net,AVAILABILITY,origin.list,2023-11-16 07:46:04.485320
st.html.polyad.net,AVAILABILITY,origin.list,2023-11-16 07:46:05.384304
la.vnecdn.net,AVAILABILITY,origin.list,2023-11-16 07:46:10.328584
delivery.smartadnetwork.net,AVAILABILITY,origin.list,2023-11-16 07:46:39.023240
tracking.smartadnetwork.net,AVAILABILITY,origin.list,2023-11-16 07:46:44.915310
